PLAYER_ID,PLAYER_NAME,W,L,DRIVES,DRIVE_FGM,DRIVE_FGA,DRIVE_FG_PCT,DRIVE_FTM,DRIVE_FTA,DRIVE_FT_PCT,DRIVE_PTS,DRIVE_PTS_PCT,DRIVE_PASSES,DRIVE_PASSES_PCT,DRIVE_AST,DRIVE_AST_PCT,DRIVE_TOV,DRIVE_TOV_PCT,DRIVE_PF,DRIVE_PF_PCT
1631260,AJ Green,1,1,1.5,0.0,0.0,0.0,0.0,0.0,0.0,0.0,0.0,1.5,1.0,0.0,0.0,0.0,0.0,0.0,0.0
1631100,AJ Griffin,2,2,0.8,0.3,0.3,1.0,0.0,0.0,0.0,0.5,0.667,0.3,0.333,0.0,0.0,0.3,0.333,0.0,0.0
203932,Aaron Gordon,4,0,4.0,1.0,1.8,0.571,0.3,1.0,0.25,2.3,0.563,1.0,0.25,0.0,0.0,0.5,0.125,0.5,0.125
1628988,Aaron Holiday,0,1,2.0,0.0,2.0,0.0,0.0,0.0,0.0,0.0,0.0,0.0,0.0,0.0,0.0,0.0,0.0,0.0,0.0
1630174,Aaron Nesmith,2,1,4.7,1.0,1.7,0.6,1.0,1.3,0.75,3.0,0.643,1.7,0.357,0.3,0.071,0.3,0.071,0.7,0.143
1630598,Aaron Wiggins,2,1,1.7,0.3,0.3,1.0,0.0,0.0,0.0,0.7,0.4,1.0,0.6,0.3,0.2,0.3,0.2,0.0,0.0
201143,Al Horford,3,0,0.3,0.0,0.0,0.0,0.0,0.0,0.0,0.0,0.0,0.0,0.0,0.0,0.0,0.3,1.0,0.0,0.0
202692,Alec Burks,2,2,5.0,0.5,1.8,0.286,1.3,1.5,0.833,2.3,0.45,2.0,0.4,0.5,0.1,0.0,0.0,0.8,0.15
1630197,Aleksej Pokusevski,2,1,0.3,0.0,0.0,0.0,0.0,0.0,0.0,0.0,0.0,0.3,1.0,0.0,0.0,0.0,0.0,0.0,0.0
1627936,Alex Caruso,2,2,3.5,0.8,1.3,0.6,0.0,0.0,0.0,1.5,0.429,2.0,0.571,0.5,0.143,0.3,0.071,0.0,0.0
203458,Alex Len,1,0,0.0,0.0,0.0,0.0,0.0,0.0,0.0,0.0,0.0,0.0,0.0,0.0,0.0,0.0,0.0,0.0,0.0
1630578,Alperen Sengun,0,3,5.0,1.7,2.0,0.833,0.3,0.7,0.5,3.7,0.733,2.0,0.4,0.3,0.067,0.7,0.133,0.3,0.067
1641708,Amen Thompson,0,3,3.7,0.3,1.0,0.333,0.0,0.0,0.0,0.7,0.182,2.0,0.545,0.3,0.091,0.7,0.182,0.0,0.0
1629599,Amir Coffey,2,0,1.5,0.0,0.5,0.0,0.0,0.0,0.0,0.0,0.0,1.0,0.667,0.0,0.0,0.0,0.0,0.0,0.0
203083,Andre Drummond,2,2,0.8,0.3,0.5,0.5,0.0,0.0,0.0,0.5,0.667,0.0,0.0,0.0,0.0,0.3,0.333,0.0,0.0
1641748,Andre Jackson Jr.,0,1,0.0,0.0,0.0,0.0,0.0,0.0,0.0,0.0,0.0,0.0,0.0,0.0,0.0,0.0,0.0,0.0,0.0
1629614,Andrew Nembhard,2,1,8.7,2.3,3.3,0.7,0.0,0.0,0.0,4.7,0.538,4.0,0.462,3.0,0.346,0.7,0.077,0.0,0.0
203952,Andrew Wiggins,3,1,6.0,1.3,2.5,0.5,0.8,1.0,0.75,3.5,0.583,1.5,0.25,0.3,0.042,1.0,0.167,0.5,0.083
1629014,Anfernee Simons,0,1,12.0,2.0,4.0,0.5,2.0,2.0,1.0,6.0,0.5,7.0,0.583,3.0,0.25,0.0,0.0,1.0,0.083
1641710,Anthony Black,1,0,2.0,2.0,2.0,1.0,0.0,0.0,0.0,5.0,2.5,0.0,0.0,0.0,0.0,0.0,0.0,0.0,0.0
203076,Anthony Davis,2,2,6.3,1.5,4.0,0.375,0.8,1.0,0.75,3.8,0.6,1.0,0.16,0.0,0.0,0.0,0.0,0.8,0.12
1630162,Anthony Edwards,1,2,11.0,2.0,5.7,0.353,2.0,2.0,1.0,6.0,0.545,3.7,0.333,0.3,0.03,0.7,0.061,1.0,0.091
1630264,Anthony Gill,0,1,0.0,0.0,0.0,0.0,0.0,0.0,0.0,0.0,0.0,0.0,0.0,0.0,0.0,0.0,0.0,0.0,0.0
1641709,Ausar Thompson,2,2,6.3,0.3,2.3,0.111,0.5,1.0,0.5,1.0,0.16,2.3,0.36,1.3,0.2,0.5,0.08,0.5,0.08
1630559,Austin Reaves,2,2,9.8,1.5,3.8,0.4,1.3,1.5,0.833,4.3,0.436,5.0,0.513,0.5,0.051,0.3,0.026,0.8,0.077
1630245,Ayo Dosunmu,2,2,2.0,0.8,1.3,0.6,0.0,0.0,0.0,1.5,0.75,0.8,0.375,0.0,0.0,0.0,0.0,0.0,0.0
1628389,Bam Adebayo,1,2,7.0,2.3,4.7,0.5,0.7,2.0,0.333,6.0,0.857,0.7,0.095,0.0,0.0,0.7,0.095,1.0,0.143
1641767,Ben Sheppard,1,0,0.0,0.0,0.0,0.0,0.0,0.0,0.0,0.0,0.0,0.0,0.0,0.0,0.0,0.0,0.0,0.0,0.0
1627732,Ben Simmons,1,2,7.0,1.0,3.0,0.333,0.3,0.7,0.5,2.3,0.333,3.7,0.524,1.7,0.238,0.0,0.0,0.3,0.048
1631097,Bennedict Mathurin,2,1,6.7,1.0,4.3,0.231,0.7,0.7,1.0,2.7,0.4,1.7,0.25,0.0,0.0,0.0,0.0,0.3,0.05
1641731,Bilal Coulibaly,1,2,1.0,0.3,0.3,1.0,0.0,0.0,0.0,0.7,0.667,0.7,0.667,0.0,0.0,0.0,0.0,0.0,0.0
1631104,Blake Wesley,0,1,3.0,0.0,0.0,0.0,1.0,2.0,0.5,1.0,0.333,2.0,0.667,0.0,0.0,0.0,0.0,1.0,0.333
1626246,Boban Marjanovic,0,1,0.0,0.0,0.0,0.0,0.0,0.0,0.0,0.0,0.0,0.0,0.0,0.0,0.0,0.0,0.0,0.0,0.0
1626171,Bobby Portis,2,1,4.0,1.3,2.3,0.571,0.7,1.3,0.5,3.7,0.917,0.7,0.167,0.3,0.083,0.0,0.0,0.7,0.167
203992,Bogdan Bogdanovic,2,2,3.3,0.3,1.0,0.25,0.0,0.0,0.0,0.5,0.154,1.8,0.538,0.8,0.231,0.5,0.154,0.0,0.0
1629626,Bol Bol,1,0,0.0,0.0,0.0,0.0,0.0,0.0,0.0,0.0,0.0,0.0,0.0,0.0,0.0,0.0,0.0,0.0,0.0
1630538,Bones Hyland,2,1,3.7,1.3,2.3,0.571,0.7,0.7,1.0,3.3,0.909,0.7,0.182,0.3,0.091,0.0,0.0,0.3,0.091
1641764,Brandin Podziemski,1,0,8.0,2.0,4.0,0.5,1.0,2.0,0.5,5.0,0.625,2.0,0.25,1.0,0.125,1.0,0.125,1.0,0.125
1627742,Brandon Ingram,2,0,9.5,3.0,5.0,0.6,0.0,0.0,0.0,6.5,0.684,2.0,0.211,0.0,0.0,2.0,0.211,0.0,0.0
1641706,Brandon Miller,1,2,5.7,1.0,2.7,0.375,1.0,1.3,0.75,3.0,0.529,1.7,0.294,0.7,0.118,0.7,0.118,0.7,0.118
1630296,Braxton Key,2,0,0.0,0.0,0.0,0.0,0.0,0.0,0.0,0.0,0.0,0.0,0.0,0.0,0.0,0.0,0.0,0.0,0.0
1641729,Brice Sensabaugh,0,1,1.0,0.0,1.0,0.0,0.0,0.0,0.0,0.0,0.0,0.0,0.0,0.0,0.0,0.0,0.0,0.0,0.0
201572,Brook Lopez,2,1,1.0,0.3,1.0,0.333,0.0,0.0,0.0,0.7,0.667,0.0,0.0,0.0,0.0,0.0,0.0,0.0,0.0
1628971,Bruce Brown,2,1,7.7,1.7,3.3,0.5,0.0,0.0,0.0,3.3,0.435,3.3,0.435,0.7,0.087,0.3,0.043,0.0,0.0
1628981,Bruno Fernando,2,0,0.0,0.0,0.0,0.0,0.0,0.0,0.0,0.0,0.0,0.0,0.0,0.0,0.0,0.0,0.0,0.0,0.0
1627741,Buddy Hield,2,1,4.7,1.3,2.7,0.5,0.0,0.0,0.0,2.7,0.571,1.3,0.286,0.3,0.071,0.7,0.143,0.0,0.0
203468,CJ McCollum,2,1,9.0,1.7,5.0,0.333,1.3,2.0,0.667,5.3,0.593,3.0,0.333,0.7,0.074,0.0,0.0,1.0,0.111
1630595,Cade Cunningham,2,2,15.5,3.5,7.3,0.483,1.5,1.8,0.857,8.5,0.548,5.8,0.371,1.0,0.065,1.5,0.097,1.0,0.065
1631216,Caleb Houstan,1,0,0.0,0.0,0.0,0.0,0.0,0.0,0.0,0.0,0.0,0.0,0.0,0.0,0.0,0.0,0.0,0.0,0.0
1628997,Caleb Martin,1,0,2.0,0.0,1.0,0.0,0.0,0.0,0.0,0.0,0.0,1.0,0.5,0.0,0.0,0.0,0.0,0.0,0.0
1629629,Cam Reddish,2,2,1.0,0.0,0.0,0.0,0.5,0.5,1.0,0.5,0.5,0.3,0.25,0.0,0.0,0.3,0.25,0.3,0.25
1630560,Cam Thomas,1,2,14.7,7.3,10.0,0.733,5.0,6.0,0.833,20.0,1.364,1.3,0.091,0.0,0.0,0.0,0.0,3.0,0.205
1641715,Cam Whitmore,0,1,2.0,0.0,2.0,0.0,0.0,0.0,0.0,0.0,0.0,0.0,0.0,0.0,0.0,0.0,0.0,0.0,0.0
1629661,Cameron Johnson,0,1,4.0,1.0,2.0,0.5,0.0,0.0,0.0,2.0,0.5,2.0,0.5,0.0,0.0,0.0,0.0,0.0,0.0
1626166,Cameron Payne,2,1,1.3,0.7,0.7,1.0,0.0,0.0,0.0,1.3,1.0,0.7,0.5,0.0,0.0,0.0,0.0,0.0,0.0
1627747,Caris LeVert,1,2,16.7,3.3,8.7,0.385,0.7,2.0,0.333,7.3,0.44,6.7,0.4,1.3,0.08,0.0,0.0,1.0,0.06
1641717,Cason Wallace,3,1,0.5,0.0,0.0,0.0,0.0,0.0,0.0,0.0,0.0,0.5,1.0,0.3,0.5,0.0,0.0,0.0,0.0
1626224,Cedi Osman,1,2,3.3,1.0,1.3,0.75,0.0,0.0,0.0,2.0,0.6,1.7,0.5,0.0,0.0,0.3,0.1,0.0,0.0
1629646,Charles Bassey,1,2,0.0,0.0,0.0,0.0,0.0,0.0,0.0,0.0,0.0,0.0,0.0,0.0,0.0,0.0,0.0,0.0,0.0
1631096,Chet Holmgren,3,1,4.3,1.5,1.8,0.857,2.0,2.5,0.8,5.0,1.176,1.0,0.235,0.0,0.0,0.3,0.059,1.3,0.294
1629002,Chimezie Metu,1,0,0.0,0.0,0.0,0.0,0.0,0.0,0.0,0.0,0.0,0.0,0.0,0.0,0.0,0.0,0.0,0.0,0.0
1628449,Chris Boucher,0,3,0.3,0.0,0.0,0.0,0.7,0.7,1.0,0.7,2.0,0.0,0.0,0.0,0.0,0.0,0.0,0.3,1.0
1630537,Chris Duarte,2,1,2.0,0.7,0.7,1.0,0.0,0.0,0.0,1.7,0.833,1.3,0.667,0.3,0.167,0.0,0.0,0.0,0.0
101108,Chris Paul,3,1,9.5,2.0,4.0,0.5,0.0,0.0,0.0,4.5,0.474,4.8,0.5,1.0,0.105,0.3,0.026,0.0,0.0
1631128,Christian Braun,4,0,3.8,1.0,2.0,0.5,0.5,1.0,0.5,2.8,0.733,1.0,0.267,0.3,0.067,0.3,0.067,0.5,0.133
1626174,Christian Wood,2,2,2.3,0.3,0.5,0.5,0.8,1.0,0.75,1.3,0.556,0.5,0.222,0.0,0.0,0.3,0.111,0.5,0.222
1629643,Chuma Okeke,1,0,0.0,0.0,0.0,0.0,0.0,0.0,0.0,0.0,0.0,0.0,0.0,0.0,0.0,0.0,0.0,0.0,0.0
203991,Clint Capela,2,2,0.3,0.0,0.0,0.0,0.5,0.5,1.0,0.5,2.0,0.0,0.0,0.0,0.0,0.0,0.0,0.3,1.0
1629632,Coby White,2,2,9.8,0.8,3.0,0.25,1.8,2.0,0.875,3.3,0.333,4.8,0.487,2.0,0.205,1.0,0.103,1.0,0.103
203469,Cody Zeller,1,1,1.0,0.0,1.0,0.0,0.0,0.0,0.0,0.0,0.0,0.0,0.0,0.0,0.0,0.0,0.0,0.0,0.0
1641732,Colby Jones,1,1,0.0,0.0,0.0,0.0,0.0,0.0,0.0,0.0,0.0,0.0,0.0,0.0,0.0,0.0,0.0,0.0,0.0
1630175,Cole Anthony,2,1,11.7,3.3,6.0,0.556,1.3,2.0,0.667,8.3,0.714,3.3,0.286,0.3,0.029,1.0,0.086,1.0,0.086
1631306,Cole Swider,0,1,0.0,0.0,0.0,0.0,0.0,0.0,0.0,0.0,0.0,0.0,0.0,0.0,0.0,0.0,0.0,0.0,0.0
1631221,Collin Gillespie,2,0,0.0,0.0,0.0,0.0,0.0,0.0,0.0,0.0,0.0,0.0,0.0,0.0,0.0,0.0,0.0,0.0,0.0
1629012,Collin Sexton,1,3,8.0,1.8,4.3,0.412,1.5,1.5,1.0,5.0,0.625,2.0,0.25,0.5,0.063,0.3,0.031,0.8,0.094
1630557,Corey Kispert,1,2,5.7,1.7,3.0,0.556,0.7,1.3,0.5,4.3,0.765,1.3,0.235,0.3,0.059,0.3,0.059,0.7,0.118
202709,Cory Joseph,1,1,0.5,0.0,0.0,0.0,0.0,0.0,0.0,0.0,0.0,0.5,1.0,0.5,1.0,0.0,0.0,0.0,0.0
1641854,Craig Porter,0,1,0.0,0.0,0.0,0.0,0.0,0.0,0.0,0.0,0.0,0.0,0.0,0.0,0.0,0.0,0.0,0.0,0.0
1626156,D'Angelo Russell,2,2,6.3,1.5,3.5,0.429,0.5,1.0,0.5,3.5,0.56,1.8,0.28,0.5,0.08,0.3,0.04,0.5,0.08
1629610,DaQuan Jeffries,0,1,0.0,0.0,0.0,0.0,0.0,0.0,0.0,0.0,0.0,0.0,0.0,0.0,0.0,0.0,0.0,0.0,0.0
1630227,Daishen Nix,0,1,0.0,0.0,0.0,0.0,0.0,0.0,0.0,0.0,0.0,0.0,0.0,0.0,0.0,0.0,0.0,0.0,0.0
1630625,Dalano Banton,1,0,1.0,0.0,1.0,0.0,0.0,0.0,0.0,0.0,0.0,0.0,0.0,0.0,0.0,0.0,0.0,0.0,0.0
1631207,Dalen Terry,0,2,1.0,0.0,0.5,0.0,0.0,0.0,0.0,0.0,0.0,0.5,0.5,0.0,0.0,0.0,0.0,0.0,0.0
1627745,Damian Jones,1,2,0.0,0.0,0.0,0.0,0.0,0.0,0.0,0.0,0.0,0.0,0.0,0.0,0.0,0.0,0.0,0.0,0.0
203081,Damian Lillard,2,1,7.0,2.3,3.0,0.778,3.3,4.0,0.833,8.7,1.238,0.7,0.095,0.7,0.095,0.7,0.095,2.0,0.286
1629655,Daniel Gafford,1,1,0.0,0.0,0.0,0.0,0.0,0.0,0.0,0.0,0.0,0.0,0.0,0.0,0.0,0.0,0.0,0.0,0.0
201568,Danilo Gallinari,1,2,1.0,0.7,0.7,1.0,0.3,0.7,0.5,1.7,1.667,0.0,0.0,0.0,0.0,0.0,0.0,0.3,0.333
201980,Danny Green,1,1,0.0,0.0,0.0,0.0,0.0,0.0,0.0,0.0,0.0,0.0,0.0,0.0,0.0,0.0,0.0,0.0,0.0
203957,Dante Exum,3,0,1.0,0.0,0.7,0.0,0.0,0.0,0.0,0.0,0.0,0.3,0.333,0.0,0.0,0.0,0.0,0.0,0.0
1627863,Danuel House Jr.,2,0,1.0,0.5,0.5,1.0,0.0,0.0,0.0,1.0,1.0,0.0,0.0,0.0,0.0,0.0,0.0,0.0,0.0
203967,Dario Saric,3,1,1.5,0.3,1.0,0.25,0.3,0.5,0.5,0.8,0.5,0.3,0.167,0.0,0.0,0.0,0.0,0.3,0.167
1629636,Darius Garland,1,0,18.0,5.0,6.0,0.833,0.0,0.0,0.0,10.0,0.556,9.0,0.5,3.0,0.167,2.0,0.111,0.0,0.0
1631223,David Roddy,0,4,2.3,0.5,1.0,0.5,0.0,0.0,0.0,1.3,0.556,1.0,0.444,0.3,0.111,0.3,0.111,0.0,0.0
1630558,Davion Mitchell,2,1,3.7,0.0,0.7,0.0,0.0,0.0,0.0,0.0,0.0,2.7,0.727,0.3,0.091,0.3,0.091,0.0,0.0
202722,Davis Bertans,1,0,0.0,0.0,0.0,0.0,0.0,0.0,0.0,0.0,0.0,0.0,0.0,0.0,0.0,0.0,0.0,0.0,0.0
1630549,Day'Ron Sharpe,1,2,0.0,0.0,0.0,0.0,0.0,0.0,0.0,0.0,0.0,0.0,0.0,0.0,0.0,0.0,0.0,0.0,0.0
1628368,De'Aaron Fox,2,1,18.0,6.7,10.0,0.667,2.7,3.3,0.8,16.7,0.926,4.7,0.259,0.3,0.019,0.7,0.037,1.7,0.093
1629631,De'Andre Hunter,2,2,4.0,1.0,2.0,0.5,1.0,1.0,1.0,3.0,0.75,1.0,0.25,0.5,0.125,0.5,0.125,0.5,0.125
1629001,De'Anthony Melton,2,1,2.7,0.3,1.3,0.25,0.7,0.7,1.0,1.7,0.625,1.0,0.375,1.0,0.375,0.0,0.0,0.3,0.125
201942,DeMar DeRozan,2,2,12.5,3.5,7.5,0.467,1.3,1.8,0.714,7.8,0.62,3.8,0.3,0.8,0.06,0.3,0.02,1.0,0.08
1629731,Dean Wade,0,2,0.0,0.0,0.0,0.0,0.0,0.0,0.0,0.0,0.0,0.0,0.0,0.0,0.0,0.0,0.0,0.0,0.0
1629028,Deandre Ayton,1,3,0.8,0.5,0.8,0.667,0.0,0.0,0.0,1.0,1.333,0.0,0.0,0.0,0.0,0.0,0.0,0.0,0.0
1627749,Dejounte Murray,2,2,13.0,3.3,5.8,0.565,1.3,1.5,0.833,8.0,0.615,5.5,0.423,1.8,0.135,1.0,0.077,0.8,0.058
1626153,Delon Wright,1,2,4.3,0.7,2.7,0.25,0.7,0.7,1.0,2.3,0.538,1.0,0.231,0.3,0.077,0.3,0.077,0.3,0.077
1630166,Deni Avdija,1,2,3.0,1.0,2.0,0.5,0.0,0.0,0.0,2.0,0.667,0.7,0.222,0.0,0.0,0.3,0.111,0.0,0.0
203471,Dennis Schroder,1,3,14.3,1.8,5.8,0.304,1.0,1.0,1.0,4.8,0.333,6.3,0.439,1.8,0.123,1.3,0.088,0.5,0.035
1628372,Dennis Smith Jr.,1,2,3.0,0.0,1.0,0.0,0.3,0.7,0.5,0.3,0.111,1.0,0.333,0.0,0.0,0.3,0.111,0.3,0.111
1641726,Dereck Lively II,3,0,0.0,0.0,0.0,0.0,0.0,0.0,0.0,0.0,0.0,0.0,0.0,0.0,0.0,0.0,0.0,0.0,0.0
1627884,Derrick Jones Jr.,3,0,1.3,1.0,1.0,1.0,0.0,0.0,0.0,2.0,1.5,0.0,0.0,0.0,0.0,0.3,0.25,0.0,0.0
201565,Derrick Rose,0,4,8.8,0.5,3.5,0.143,0.3,0.5,0.5,1.3,0.143,4.0,0.457,1.0,0.114,0.3,0.029,0.3,0.029
1628401,Derrick White,3,0,5.7,1.3,2.0,0.667,1.3,1.3,1.0,4.0,0.706,2.3,0.412,0.7,0.118,0.0,0.0,0.7,0.118
1630217,Desmond Bane,0,4,11.3,3.3,6.0,0.542,1.3,1.5,0.833,7.8,0.689,3.8,0.333,0.8,0.067,0.3,0.022,0.8,0.067
1626164,Devin Booker,1,0,12.0,3.0,6.0,0.5,2.0,2.0,1.0,8.0,0.667,5.0,0.417,0.0,0.0,0.0,0.0,1.0,0.083
1630170,Devin Vassell,1,2,4.0,1.3,2.0,0.667,1.3,1.3,1.0,4.3,1.083,1.0,0.25,0.0,0.0,0.3,0.083,0.7,0.167
1628415,Dillon Brooks,0,3,5.3,1.3,2.3,0.571,1.3,1.3,1.0,4.0,0.75,2.0,0.375,0.7,0.125,0.0,0.0,0.7,0.125
1627734,Domantas Sabonis,2,1,5.0,1.7,2.3,0.714,0.3,0.7,0.5,4.0,0.8,1.7,0.333,0.0,0.0,0.7,0.133,0.3,0.067
1631230,Dominick Barlow,0,1,1.0,0.0,0.0,0.0,0.0,0.0,0.0,0.0,0.0,1.0,1.0,0.0,0.0,0.0,0.0,0.0,0.0
1628378,Donovan Mitchell,1,1,17.5,4.0,6.5,0.615,2.0,2.0,1.0,10.0,0.571,8.0,0.457,3.0,0.171,1.0,0.057,1.0,0.057
1628978,Donte DiVincenzo,1,2,2.3,0.0,0.0,0.0,0.0,0.0,0.0,0.0,0.0,1.7,0.714,0.3,0.143,0.3,0.143,0.0,0.0
1627827,Dorian Finney-Smith,1,2,2.7,0.3,0.7,0.5,0.0,0.0,0.0,0.7,0.25,1.0,0.375,0.3,0.125,0.7,0.25,0.0,0.0
203926,Doug McDermott,1,2,0.0,0.0,0.0,0.0,0.0,0.0,0.0,0.0,0.0,0.0,0.0,0.0,0.0,0.0,0.0,0.0,0.0
203110,Draymond Green,2,0,2.5,0.0,1.0,0.0,0.0,0.0,0.0,0.0,0.0,1.0,0.4,0.5,0.2,0.5,0.2,0.0,0.0
1629234,Drew Eubanks,2,1,1.3,0.3,1.0,0.333,0.0,0.0,0.0,0.7,0.5,0.3,0.25,0.0,0.0,0.0,0.0,0.0,0.0
1630696,Dru Smith,1,2,1.7,0.3,1.0,0.333,0.0,0.0,0.0,0.7,0.4,0.7,0.4,0.0,0.0,0.0,0.0,0.0,0.0
1629130,Duncan Robinson,1,3,3.3,0.8,1.5,0.5,0.0,0.0,0.0,1.5,0.462,1.8,0.538,0.5,0.154,0.0,0.0,0.0,0.0
203939,Dwight Powell,2,0,0.0,0.0,0.0,0.0,0.0,0.0,0.0,0.0,0.0,0.0,0.0,0.0,0.0,0.0,0.0,0.0,0.0
1629685,Dylan Windler,0,1,0.0,0.0,0.0,0.0,0.0,0.0,0.0,0.0,0.0,0.0,0.0,0.0,0.0,0.0,0.0,0.0,0.0
1630700,Dyson Daniels,2,1,3.3,1.0,1.3,0.75,0.0,0.0,0.0,2.0,0.6,1.7,0.5,0.3,0.1,0.3,0.1,0.0,0.0
1630604,E.J. Liddell,1,0,0.0,0.0,0.0,0.0,0.0,0.0,0.0,0.0,0.0,0.0,0.0,0.0,0.0,0.0,0.0,0.0,0.0
1641734,Emoni Bates,0,1,0.0,0.0,0.0,0.0,0.0,0.0,0.0,0.0,0.0,0.0,0.0,0.0,0.0,0.0,0.0,0.0,0.0
201569,Eric Gordon,2,1,8.0,3.0,5.0,0.6,0.0,0.0,0.0,6.3,0.792,2.7,0.333,0.7,0.083,0.3,0.042,0.0,0.0
1630647,Eugene Omoruyi,0,2,2.0,0.5,1.0,0.5,1.0,1.0,1.0,2.0,1.0,0.5,0.25,0.0,0.0,0.0,0.0,0.5,0.25
1630596,Evan Mobley,1,2,6.7,2.3,4.0,0.583,0.3,0.7,0.5,5.0,0.75,2.0,0.3,0.7,0.1,0.3,0.05,0.3,0.05
1630196,Filip Petrusev,1,0,0.0,0.0,0.0,0.0,0.0,0.0,0.0,0.0,0.0,0.0,0.0,0.0,0.0,0.0,0.0,0.0,0.0
1630532,Franz Wagner,2,1,12.7,1.3,4.0,0.333,4.3,4.7,0.929,7.3,0.579,5.0,0.395,0.7,0.053,1.0,0.079,2.3,0.184
1627832,Fred VanVleet,0,3,10.0,1.3,4.0,0.333,0.0,0.0,0.0,2.7,0.267,4.3,0.433,1.0,0.1,1.7,0.167,0.0,0.0
1627788,Furkan Korkmaz,1,0,0.0,0.0,0.0,0.0,0.0,0.0,0.0,0.0,0.0,0.0,0.0,0.0,0.0,0.0,0.0,0.0,0.0
1641713,GG Jackson,0,1,0.0,0.0,0.0,0.0,0.0,0.0,0.0,0.0,0.0,0.0,0.0,0.0,0.0,0.0,0.0,0.0,0.0
1629216,Gabe Vincent,2,2,2.8,1.3,1.5,0.833,0.8,1.0,0.75,2.8,1.0,1.0,0.364,0.5,0.182,0.0,0.0,0.3,0.091
203914,Gary Harris,2,1,2.3,0.7,1.0,0.667,0.0,0.0,0.0,1.3,0.571,1.0,0.429,0.0,0.0,0.3,0.143,0.0,0.0
1627780,Gary Payton II,3,1,0.3,0.3,0.3,1.0,0.0,0.0,0.0,0.5,2.0,0.0,0.0,0.0,0.0,0.0,0.0,0.0,0.0
1629018,Gary Trent Jr.,1,3,4.8,0.3,2.3,0.111,0.5,1.0,0.5,1.0,0.211,1.8,0.368,0.0,0.0,0.3,0.053,0.5,0.105
1627777,Georges Niang,1,2,2.3,0.3,1.7,0.2,0.0,0.0,0.0,0.7,0.286,0.7,0.286,0.0,0.0,0.0,0.0,0.0,0.0
203507,Giannis Antetokounmpo,2,1,15.7,5.0,7.3,0.682,2.0,4.0,0.5,12.7,0.809,4.7,0.298,0.7,0.043,1.0,0.064,2.0,0.128
1629048,Goga Bitadze,1,1,0.0,0.0,0.0,0.0,0.0,0.0,0.0,0.0,0.0,0.0,0.0,0.0,0.0,0.0,0.0,0.0,0.0
202330,Gordon Hayward,1,2,6.3,1.3,2.0,0.667,1.7,2.0,0.833,4.3,0.684,2.3,0.368,1.3,0.211,1.0,0.158,1.0,0.158
1641711,Gradey Dick,1,3,1.3,0.3,0.8,0.333,0.0,0.0,0.0,0.5,0.4,0.5,0.4,0.0,0.0,0.0,0.0,0.0,0.0
1629684,Grant Williams,3,0,2.0,0.3,1.0,0.333,0.3,0.7,0.5,1.0,0.5,0.7,0.333,0.3,0.167,0.0,0.0,0.3,0.167
1628960,Grayson Allen,2,1,6.3,0.3,1.3,0.25,0.0,0.0,0.0,0.7,0.105,4.3,0.684,0.7,0.105,0.3,0.053,0.0,0.0
203084,Harrison Barnes,2,1,4.3,2.0,3.0,0.667,0.3,1.3,0.25,4.7,1.077,0.7,0.154,0.3,0.077,0.0,0.0,0.7,0.154
1630529,Herbert Jones,2,1,1.7,0.3,1.0,0.333,0.0,0.0,0.0,0.7,0.4,0.7,0.4,0.0,0.0,0.0,0.0,0.0,0.0
1641816,Hunter Tyson,1,0,0.0,0.0,0.0,0.0,0.0,0.0,0.0,0.0,0.0,0.0,0.0,0.0,0.0,0.0,0.0,0.0,0.0
1630193,Immanuel Quickley,1,2,9.3,2.3,3.7,0.636,2.3,2.7,0.875,7.0,0.75,3.3,0.357,0.7,0.071,1.0,0.107,1.3,0.143
1630171,Isaac Okoro,1,2,4.7,1.0,3.0,0.333,0.3,0.7,0.5,2.3,0.5,1.3,0.286,0.3,0.071,0.0,0.0,0.3,0.071
1628392,Isaiah Hartenstein,1,2,0.3,0.0,0.3,0.0,0.0,0.0,0.0,0.0,0.0,0.0,0.0,0.0,0.0,0.0,0.0,0.0,0.0
1630543,Isaiah Jackson,1,0,0.0,0.0,0.0,0.0,0.0,0.0,0.0,0.0,0.0,0.0,0.0,0.0,0.0,0.0,0.0,0.0,0.0
1630198,Isaiah Joe,3,1,1.3,0.0,0.3,0.0,0.0,0.0,0.0,0.0,0.0,1.0,0.8,0.3,0.2,0.0,0.0,0.0,0.0
1630191,Isaiah Stewart,2,2,2.5,0.5,1.0,0.5,0.5,0.5,1.0,1.5,0.6,0.3,0.1,0.3,0.1,0.8,0.3,0.3,0.1
1627826,Ivica Zubac,2,1,0.0,0.0,0.0,0.0,0.0,0.0,0.0,0.0,0.0,0.0,0.0,0.0,0.0,0.0,0.0,0.0,0.0
1630550,JT Thor,1,2,1.0,0.0,0.3,0.0,0.0,0.0,0.0,0.0,0.0,0.7,0.667,0.0,0.0,0.0,0.0,0.0,0.0
201580,JaVale McGee,2,1,0.3,0.3,0.3,1.0,0.0,0.0,0.0,0.7,2.0,0.0,0.0,0.0,0.0,0.0,0.0,0.0,0.0
1631095,Jabari Smith Jr.,0,3,2.3,0.7,1.0,0.667,0.3,0.7,0.5,1.7,0.714,0.7,0.286,0.0,0.0,0.3,0.143,0.3,0.143
1631133,Jabari Walker,1,3,1.0,0.3,0.3,1.0,0.5,0.5,1.0,1.0,1.0,0.3,0.25,0.0,0.0,0.0,0.0,0.3,0.25
1631367,Jacob Gilyard,0,1,0.0,0.0,0.0,0.0,0.0,0.0,0.0,0.0,0.0,0.0,0.0,0.0,0.0,0.0,0.0,0.0,0.0
1630702,Jaden Hardy,1,0,2.0,0.0,2.0,0.0,0.0,0.0,0.0,0.0,0.0,0.0,0.0,0.0,0.0,0.0,0.0,0.0,0.0
1631093,Jaden Ivey,2,2,7.3,1.8,3.0,0.583,1.0,1.0,1.0,4.5,0.621,3.3,0.448,1.3,0.172,0.5,0.069,0.5,0.069
1630183,Jaden McDaniels,0,1,2.0,0.0,1.0,0.0,0.0,0.0,0.0,0.0,0.0,1.0,0.5,0.0,0.0,0.0,0.0,0.0,0.0
1630531,Jaden Springer,1,1,1.5,0.5,0.5,1.0,0.0,0.0,0.0,1.0,0.667,0.5,0.333,0.0,0.0,0.5,0.333,0.0,0.0
203109,Jae Crowder,2,1,0.3,0.3,0.3,1.0,0.0,0.0,0.0,0.7,2.0,0.0,0.0,0.0,0.0,0.0,0.0,0.0,0.0
1630256,Jae'Sean Tate,0,3,2.7,1.0,1.3,0.75,0.0,0.0,0.0,2.0,0.75,1.3,0.5,0.3,0.125,0.0,0.0,0.0,0.0
1631170,Jaime Jaquez Jr.,1,3,1.8,0.8,0.8,1.0,0.0,0.0,0.0,1.5,0.857,1.0,0.571,0.3,0.143,0.0,0.0,0.0,0.0
1631222,Jake LaRavia,0,4,1.3,0.3,0.8,0.333,0.0,0.0,0.0,0.5,0.4,0.3,0.2,0.0,0.0,0.3,0.2,0.0,0.0
1627751,Jakob Poeltl,1,3,0.8,0.3,0.5,0.5,0.0,0.0,0.0,0.5,0.667,0.0,0.0,0.0,0.0,0.3,0.333,0.0,0.0
1628973,Jalen Brunson,1,2,17.0,1.7,7.7,0.217,1.7,2.0,0.833,5.0,0.294,7.0,0.412,1.3,0.078,0.3,0.02,1.0,0.059
1631105,Jalen Duren,2,2,1.3,0.5,1.0,0.5,0.0,0.0,0.0,1.0,0.8,0.3,0.2,0.0,0.0,0.0,0.0,0.0,0.0
1630224,Jalen Green,0,3,11.7,2.3,7.0,0.333,2.3,2.7,0.875,7.0,0.6,1.7,0.143,0.0,0.0,1.3,0.114,1.3,0.114
1630552,Jalen Johnson,2,2,5.0,1.8,2.8,0.636,0.5,1.0,0.5,4.3,0.85,0.5,0.1,0.0,0.0,0.8,0.15,0.5,0.1
1629667,Jalen McDaniels,1,3,1.0,0.0,0.0,0.0,0.0,0.0,0.0,0.0,0.0,1.0,1.0,0.0,0.0,0.0,0.0,0.0,0.0
1629618,Jalen Pickett,1,0,0.0,0.0,0.0,0.0,0.0,0.0,0.0,0.0,0.0,0.0,0.0,0.0,0.0,0.0,0.0,0.0,0.0
1630188,Jalen Smith,2,1,0.0,0.0,0.0,0.0,0.0,0.0,0.0,0.0,0.0,0.0,0.0,0.0,0.0,0.0,0.0,0.0,0.0
1630591,Jalen Suggs,2,1,3.0,0.7,1.3,0.5,1.3,1.3,1.0,3.0,1.0,1.0,0.333,0.0,0.0,0.0,0.0,0.7,0.222
1631114,Jalen Williams,3,1,11.8,2.8,5.3,0.524,0.0,0.0,0.0,5.8,0.489,4.8,0.404,0.5,0.043,1.0,0.085,0.0,0.0
1631288,Jamal Cain,0,2,0.5,0.5,0.5,1.0,0.0,0.0,0.0,1.0,2.0,0.0,0.0,0.0,0.0,0.0,0.0,0.0,0.0
1627750,Jamal Murray,4,0,9.3,2.0,3.5,0.571,1.0,1.0,1.0,5.0,0.541,4.5,0.486,2.0,0.216,0.5,0.054,0.5,0.054
1641716,Jarace Walker,1,0,1.0,0.0,1.0,0.0,0.0,0.0,0.0,0.0,0.0,0.0,0.0,0.0,0.0,0.0,0.0,0.0,0.0
1630215,Jared Butler,0,2,1.5,0.0,0.5,0.0,0.0,0.0,0.0,0.0,0.0,1.0,0.667,0.5,0.333,0.0,0.0,0.0,0.0
1631197,Jared Rhoden,0,1,0.0,0.0,0.0,0.0,0.0,0.0,0.0,0.0,0.0,0.0,0.0,0.0,0.0,0.0,0.0,0.0,0.0
1628991,Jaren Jackson Jr.,0,4,8.5,1.8,4.8,0.368,1.8,2.0,0.875,5.3,0.618,1.5,0.176,0.3,0.029,0.3,0.029,1.0,0.118
1629637,Jaxson Hayes,2,2,0.0,0.0,0.0,0.0,0.0,0.0,0.0,0.0,0.0,0.0,0.0,0.0,0.0,0.0,0.0,0.0,0.0
1627759,Jaylen Brown,3,0,10.3,3.7,7.0,0.524,0.0,0.0,0.0,7.3,0.71,2.7,0.258,0.3,0.032,0.3,0.032,0.0,0.0
1628369,Jayson Tatum,3,0,6.7,4.3,5.7,0.765,0.3,0.7,0.5,9.3,1.4,0.3,0.05,0.3,0.05,0.3,0.05,0.3,0.05
201145,Jeff Green,0,3,1.3,1.0,1.0,1.0,0.7,0.7,1.0,2.7,2.0,0.0,0.0,0.0,0.0,0.0,0.0,0.3,0.25
203924,Jerami Grant,1,3,9.3,2.0,5.8,0.348,1.3,1.5,0.833,5.8,0.622,1.8,0.189,0.0,0.0,0.5,0.054,0.8,0.081
1631110,Jeremy Sochan,1,2,7.3,0.7,2.7,0.25,1.3,1.3,1.0,2.7,0.364,3.3,0.455,0.3,0.045,0.3,0.045,0.7,0.091
1630579,Jericho Sims,0,1,0.0,0.0,0.0,0.0,0.0,0.0,0.0,0.0,0.0,0.0,0.0,0.0,0.0,0.0,0.0,0.0,0.0
1631257,Jermaine Samuels Jr.,0,1,0.0,0.0,0.0,0.0,0.0,0.0,0.0,0.0,0.0,0.0,0.0,0.0,0.0,0.0,0.0,0.0,0.0
1629010,Jerome Robinson,1,0,2.0,0.0,2.0,0.0,0.0,0.0,0.0,0.0,0.0,0.0,0.0,0.0,0.0,0.0,0.0,0.0,0.0
1641724,Jett Howard,1,0,0.0,0.0,0.0,0.0,0.0,0.0,0.0,0.0,0.0,0.0,0.0,0.0,0.0,0.0,0.0,0.0,0.0
1628975,Jevon Carter,2,2,4.0,0.5,1.0,0.5,0.0,0.0,0.0,1.0,0.25,2.8,0.688,0.5,0.125,0.3,0.063,0.0,0.0
202710,Jimmy Butler,1,2,11.3,1.0,4.0,0.25,2.3,2.7,0.875,4.3,0.382,5.7,0.5,0.7,0.059,0.3,0.029,1.3,0.118
1629111,Jock Landale,0,1,0.0,0.0,0.0,0.0,0.0,0.0,0.0,0.0,0.0,0.0,0.0,0.0,0.0,0.0,0.0,0.0,0.0
203925,Joe Harris,2,2,1.0,0.0,0.5,0.0,0.0,0.0,0.0,0.0,0.0,0.5,0.5,0.3,0.25,0.0,0.0,0.0,0.0
204060,Joe Ingles,2,1,3.3,0.3,0.3,1.0,0.0,0.0,0.0,0.7,0.2,2.0,0.6,0.7,0.2,1.0,0.3,0.0,0.0
203954,Joel Embiid,2,1,10.7,4.0,5.0,0.8,2.7,4.0,0.667,11.0,1.031,2.7,0.25,0.7,0.063,0.3,0.031,2.0,0.188
1628381,John Collins,1,3,2.8,1.5,2.3,0.667,0.0,0.5,0.0,3.0,1.091,0.3,0.091,0.3,0.091,0.0,0.0,0.3,0.091
1629723,John Konchar,0,3,0.7,0.0,0.0,0.0,0.0,0.0,0.0,0.0,0.0,0.3,0.5,0.3,0.5,0.3,0.5,0.0,0.0
1631098,Johnny Davis,0,1,1.0,0.0,1.0,0.0,0.0,0.0,0.0,0.0,0.0,0.0,0.0,0.0,0.0,0.0,0.0,0.0,0.0
202685,Jonas Valanciunas,2,1,0.7,0.7,0.7,1.0,0.0,0.0,0.0,1.3,2.0,0.0,0.0,0.0,0.0,0.0,0.0,0.0,0.0
1628371,Jonathan Isaac,2,1,0.3,0.0,0.0,0.0,0.0,0.0,0.0,0.0,0.0,0.3,1.0,0.3,1.0,0.0,0.0,0.0,0.0
1630228,Jonathan Kuminga,2,1,3.7,0.0,2.0,0.0,0.3,0.7,0.5,0.3,0.091,0.7,0.182,0.3,0.091,0.7,0.182,0.3,0.091
203903,Jordan Clarkson,1,3,13.8,1.5,4.3,0.353,1.0,1.0,1.0,4.0,0.291,6.8,0.491,2.0,0.145,1.8,0.127,0.5,0.036
1630259,Jordan Ford,1,0,1.0,0.0,1.0,0.0,0.0,0.0,0.0,0.0,0.0,0.0,0.0,0.0,0.0,0.0,0.0,0.0,0.0
1630692,Jordan Goodwin,2,1,7.3,1.7,3.0,0.556,0.7,1.3,0.5,4.3,0.591,3.3,0.455,1.0,0.136,0.0,0.0,0.7,0.091
1641722,Jordan Hawkins,2,1,1.0,0.0,0.3,0.0,0.0,0.0,0.0,0.0,0.0,0.7,0.667,0.3,0.333,0.0,0.0,0.0,0.0
1629162,Jordan McLaughlin,1,1,1.5,0.0,1.0,0.0,0.0,0.0,0.0,0.0,0.0,0.5,0.333,0.5,0.333,0.0,0.0,0.0,0.0
1641757,Jordan Miller,1,0,1.0,1.0,1.0,1.0,0.0,0.0,0.0,2.0,2.0,0.0,0.0,0.0,0.0,0.0,0.0,0.0,0.0
1629670,Jordan Nwora,1,0,1.0,0.0,1.0,0.0,0.0,0.0,0.0,0.0,0.0,0.0,0.0,0.0,0.0,0.0,0.0,0.0,0.0
1629673,Jordan Poole,1,2,10.7,2.3,6.0,0.389,1.0,1.3,0.75,6.3,0.594,2.7,0.25,0.3,0.031,1.0,0.094,0.7,0.063
1630581,Josh Giddey,3,1,11.3,2.5,5.8,0.435,0.3,0.5,0.5,5.3,0.467,3.5,0.311,1.0,0.089,0.8,0.067,0.5,0.044
1630182,Josh Green,3,0,5.7,1.3,3.3,0.4,0.3,0.7,0.5,3.0,0.529,1.3,0.235,1.0,0.176,0.7,0.118,0.3,0.059
1628404,Josh Hart,1,2,2.0,0.7,1.0,0.667,0.0,0.0,0.0,1.3,0.667,1.0,0.5,0.0,0.0,0.0,0.0,0.0,0.0
1631169,Josh Minott,1,1,0.5,0.5,0.5,1.0,0.0,0.0,0.0,1.0,2.0,0.0,0.0,0.0,0.0,0.0,0.0,0.0,0.0
1629006,Josh Okogie,2,1,1.3,0.0,0.3,0.0,0.0,0.0,0.0,0.0,0.0,0.7,0.5,0.3,0.25,0.3,0.25,0.0,0.0
1626196,Josh Richardson,0,1,3.0,0.0,2.0,0.0,0.0,0.0,0.0,0.0,0.0,1.0,0.333,0.0,0.0,0.0,0.0,0.0,0.0
201950,Jrue Holiday,3,0,5.0,1.3,2.0,0.667,1.3,1.3,1.0,4.0,0.8,1.7,0.333,0.7,0.133,0.3,0.067,0.7,0.133
1630577,Julian Champagnie,0,1,1.0,0.0,1.0,0.0,0.0,0.0,0.0,0.0,0.0,0.0,0.0,0.0,0.0,0.0,0.0,0.0,0.0
1641763,Julian Phillips,0,2,0.0,0.0,0.0,0.0,0.0,0.0,0.0,0.0,0.0,0.0,0.0,0.0,0.0,0.0,0.0,0.0,0.0
1631124,Julian Strawther,3,0,2.0,1.0,1.7,0.6,0.0,0.0,0.0,2.0,1.0,0.3,0.167,0.0,0.0,0.0,0.0,0.0,0.0
203944,Julius Randle,1,2,9.3,1.7,4.3,0.385,0.7,0.7,1.0,4.0,0.429,3.3,0.357,0.7,0.071,1.0,0.107,0.3,0.036
203200,Justin Holiday,1,0,1.0,0.0,0.0,0.0,0.0,0.0,0.0,0.0,0.0,0.0,0.0,0.0,0.0,0.0,0.0,0.0,0.0
203994,Jusuf Nurkic,2,1,0.7,0.3,0.7,0.5,0.0,0.0,0.0,0.7,1.0,0.0,0.0,0.0,0.0,0.0,0.0,0.0,0.0
1629232,Kaiser Gates,0,1,0.0,0.0,0.0,0.0,0.0,0.0,0.0,0.0,0.0,0.0,0.0,0.0,0.0,0.0,0.0,0.0,0.0
1626157,Karl-Anthony Towns,1,2,6.7,1.7,5.3,0.313,0.3,0.7,0.5,3.7,0.55,0.3,0.05,0.0,0.0,0.7,0.1,0.3,0.05
202695,Kawhi Leonard,2,1,8.0,1.7,3.7,0.455,0.7,1.3,0.5,4.3,0.542,3.0,0.375,1.7,0.208,0.7,0.083,0.7,0.083
1631099,Keegan Murray,2,1,3.7,0.7,2.3,0.286,0.7,1.3,0.5,2.3,0.636,0.3,0.091,0.0,0.0,0.3,0.091,0.7,0.182
1628966,Keita Bates-Diop,1,0,2.0,1.0,2.0,0.5,0.0,0.0,0.0,2.0,1.0,0.0,0.0,0.0,0.0,0.0,0.0,0.0,0.0
1629640,Keldon Johnson,1,2,8.3,2.0,4.7,0.429,0.3,0.7,0.5,4.7,0.56,2.7,0.32,0.3,0.04,0.7,0.08,0.3,0.04
203482,Kelly Olynyk,1,3,2.3,0.8,0.8,1.0,0.0,0.0,0.0,1.8,0.778,1.3,0.556,0.0,0.0,0.3,0.111,0.0,0.0
1626162,Kelly Oubre Jr.,2,1,5.0,1.3,2.7,0.5,2.7,2.7,1.0,5.7,1.133,0.7,0.133,0.0,0.0,0.3,0.067,1.3,0.267
1631254,Kenneth Lofton Jr.,0,2,0.0,0.0,0.0,0.0,0.0,0.0,0.0,0.0,0.0,0.0,0.0,0.0,0.0,0.0,0.0,0.0,0.0
203484,Kentavious Caldwell-Pope,4,0,2.8,0.0,1.0,0.0,0.5,0.5,1.0,0.5,0.182,1.3,0.455,0.5,0.182,0.3,0.091,0.3,0.091
1630231,Kenyon Martin Jr.,2,0,1.5,0.5,1.0,0.5,0.0,0.0,0.0,1.0,0.667,0.5,0.333,0.0,0.0,0.0,0.0,0.0,0.0
1631165,Keon Ellis,1,0,0.0,0.0,0.0,0.0,0.0,0.0,0.0,0.0,0.0,0.0,0.0,0.0,0.0,0.0,0.0,0.0,0.0
1630556,Kessler Edwards,2,0,0.0,0.0,0.0,0.0,0.0,0.0,0.0,0.0,0.0,0.0,0.0,0.0,0.0,0.0,0.0,0.0,0.0
201142,Kevin Durant,2,1,11.3,3.3,7.7,0.435,2.0,2.7,0.75,8.7,0.765,1.3,0.118,0.0,0.0,0.7,0.059,1.3,0.118
1628989,Kevin Huerter,2,1,2.0,0.0,1.0,0.0,0.3,0.7,0.5,0.3,0.167,0.7,0.333,0.0,0.0,0.0,0.0,0.3,0.167
201567,Kevin Love,1,2,1.7,0.0,0.7,0.0,0.0,0.0,0.0,0.0,0.0,1.0,0.6,0.7,0.4,0.0,0.0,0.0,0.0
1626172,Kevon Looney,3,1,1.3,0.3,0.8,0.333,0.0,0.0,0.0,0.5,0.4,0.5,0.4,0.0,0.0,0.0,0.0,0.0,0.0
1641749,Keyontae Johnson,0,1,1.0,0.0,1.0,0.0,0.0,0.0,0.0,0.0,0.0,0.0,0.0,0.0,0.0,0.0,0.0,0.0,0.0
1641718,Keyonte George,1,3,4.5,0.8,1.5,0.5,0.5,0.5,1.0,2.0,0.444,2.3,0.5,0.5,0.111,0.5,0.111,0.3,0.056
203114,Khris Middleton,2,0,4.0,0.0,1.0,0.0,0.0,0.0,0.0,0.0,0.0,2.5,0.625,2.0,0.5,0.5,0.125,0.0,0.0
1630165,Killian Hayes,2,2,6.0,1.3,2.5,0.5,0.3,0.5,0.5,2.8,0.458,2.3,0.375,0.5,0.083,0.5,0.083,0.3,0.042
1630184,Kira Lewis Jr.,2,1,2.3,0.7,1.3,0.5,0.0,0.0,0.0,1.3,0.571,1.0,0.429,0.3,0.143,0.0,0.0,0.0,0.0
202691,Klay Thompson,2,1,3.0,0.7,1.3,0.5,0.7,0.7,1.0,2.0,0.667,1.3,0.444,0.0,0.0,0.0,0.0,0.3,0.111
1641738,Kobe Brown,2,0,0.5,0.0,0.5,0.0,0.0,0.0,0.0,0.0,0.0,0.0,0.0,0.0,0.0,0.0,0.0,0.0,0.0
1641723,Kobe Bufkin,2,0,1.0,0.0,0.5,0.0,0.0,0.0,0.0,0.0,0.0,0.5,0.5,0.0,0.0,0.0,0.0,0.0,0.0
1627739,Kris Dunn,1,3,5.8,1.3,2.8,0.455,0.5,1.0,0.5,3.0,0.522,1.8,0.304,0.8,0.13,0.8,0.13,0.5,0.087
1631200,Kris Murray,0,2,0.0,0.0,0.0,0.0,0.0,0.0,0.0,0.0,0.0,0.0,0.0,0.0,0.0,0.0,0.0,0.0,0.0
204001,Kristaps Porzingis,3,0,0.7,0.0,0.3,0.0,0.3,0.7,0.5,0.3,0.5,0.0,0.0,0.0,0.0,0.0,0.0,0.3,0.5
203937,Kyle Anderson,1,2,5.7,1.3,2.3,0.571,0.0,0.0,0.0,2.7,0.471,3.3,0.588,0.3,0.059,0.0,0.0,0.0,0.0
1628398,Kyle Kuzma,1,2,8.0,3.3,5.7,0.588,0.3,0.7,0.5,7.7,0.958,1.7,0.208,0.3,0.042,0.0,0.0,0.3,0.042
200768,Kyle Lowry,1,3,3.0,0.3,1.0,0.25,0.0,0.0,0.0,0.5,0.167,1.5,0.5,0.3,0.083,0.3,0.083,0.0,0.0
202681,Kyrie Irving,2,0,15.5,4.0,9.0,0.444,2.0,2.0,1.0,10.5,0.677,5.5,0.355,2.5,0.161,0.0,0.0,1.0,0.065
1630163,LaMelo Ball,1,2,14.7,1.7,5.7,0.294,2.7,3.3,0.8,6.0,0.409,6.0,0.409,2.3,0.159,1.0,0.068,1.7,0.114
1630205,Lamar Stevens,1,0,0.0,0.0,0.0,0.0,0.0,0.0,0.0,0.0,0.0,0.0,0.0,0.0,0.0,0.0,0.0,0.0,0.0
1626204,Larry Nance Jr.,2,1,0.0,0.0,0.0,0.0,0.0,0.0,0.0,0.0,0.0,0.0,0.0,0.0,0.0,0.0,0.0,0.0,0.0
1628374,Lauri Markkanen,1,3,3.5,0.8,2.5,0.3,0.0,0.0,0.0,1.5,0.429,0.5,0.143,0.3,0.071,0.3,0.071,0.0,0.0
2544,LeBron James,2,2,11.3,3.8,5.5,0.682,0.8,1.5,0.5,8.3,0.733,3.8,0.333,1.0,0.089,0.8,0.067,0.8,0.067
1631159,Leonard Miller,1,0,0.0,0.0,0.0,0.0,0.0,0.0,0.0,0.0,0.0,0.0,0.0,0.0,0.0,0.0,0.0,0.0,0.0
1631311,Lester Quinones,1,0,3.0,1.0,1.0,1.0,0.0,0.0,0.0,2.0,0.667,1.0,0.333,0.0,0.0,1.0,0.333,0.0,0.0
1630322,Lindy Waters III,2,0,0.0,0.0,0.0,0.0,0.0,0.0,0.0,0.0,0.0,0.0,0.0,0.0,0.0,0.0,0.0,0.0,0.0
1629022,Lonnie Walker IV,1,1,6.5,0.5,1.5,0.333,0.5,1.0,0.5,1.5,0.231,3.5,0.538,2.0,0.308,1.0,0.154,0.5,0.077
1629652,Luguentz Dort,3,1,5.3,1.3,1.8,0.714,0.5,0.5,1.0,3.0,0.571,2.8,0.524,0.3,0.048,0.3,0.048,0.3,0.048
1629029,Luka Doncic,3,0,15.0,4.7,7.7,0.609,2.3,3.3,0.7,12.3,0.822,4.7,0.311,1.7,0.111,0.7,0.044,1.7,0.111
1630568,Luka Garza,0,1,0.0,0.0,0.0,0.0,0.0,0.0,0.0,0.0,0.0,0.0,0.0,0.0,0.0,0.0,0.0,0.0,0.0
1629677,Luka Samanic,0,2,1.5,0.0,0.5,0.0,0.0,0.0,0.0,0.0,0.0,1.0,0.667,0.0,0.0,0.0,0.0,0.0,0.0
1628379,Luke Kennard,0,1,3.0,0.0,0.0,0.0,0.0,0.0,0.0,0.0,0.0,2.0,0.667,0.0,0.0,1.0,0.333,0.0,0.0
1628436,Luke Kornet,2,0,0.0,0.0,0.0,0.0,0.0,0.0,0.0,0.0,0.0,0.0,0.0,0.0,0.0,0.0,0.0,0.0,0.0
1630201,Malachi Flynn,1,3,2.3,0.5,1.3,0.4,0.0,0.0,0.0,1.0,0.444,0.8,0.333,0.0,0.0,0.0,0.0,0.0,0.0
1631103,Malaki Branham,1,2,3.0,1.0,2.3,0.429,0.0,0.0,0.0,2.0,0.667,0.7,0.222,0.7,0.222,0.0,0.0,0.0,0.0
1627763,Malcolm Brogdon,1,3,13.8,4.0,7.5,0.533,0.5,0.5,1.0,8.8,0.636,5.0,0.364,0.3,0.018,0.8,0.055,0.3,0.018
1627736,Malik Beasley,2,1,3.7,0.3,1.0,0.333,0.0,0.0,0.0,0.7,0.182,2.0,0.545,0.3,0.091,0.3,0.091,0.0,0.0
1628370,Malik Monk,2,1,14.0,1.0,3.3,0.3,1.0,1.3,0.75,3.3,0.238,8.0,0.571,2.7,0.19,1.3,0.095,0.7,0.048
1630699,MarJon Beauchamp,1,1,1.5,0.0,0.5,0.0,0.0,0.0,0.0,0.0,0.0,1.0,0.667,0.0,0.0,0.0,0.0,0.0,0.0
1631204,Marcus Sasser,2,2,1.3,0.0,0.3,0.0,0.0,0.0,0.0,0.0,0.0,1.0,0.8,0.5,0.4,0.0,0.0,0.0,0.0
203935,Marcus Smart,0,4,10.3,2.8,3.8,0.733,0.3,0.5,0.5,5.8,0.561,5.3,0.512,1.0,0.098,0.8,0.073,0.3,0.024
1631109,Mark Williams,1,2,0.0,0.0,0.0,0.0,0.0,0.0,0.0,0.0,0.0,0.0,0.0,0.0,0.0,0.0,0.0,0.0,0.0
1628365,Markelle Fultz,2,1,9.0,2.0,3.7,0.545,0.0,0.0,0.0,4.0,0.444,5.0,0.556,1.0,0.111,0.3,0.037,0.0,0.0
1628963,Marvin Bagley III,2,2,2.5,0.8,1.0,0.75,1.8,2.0,0.875,3.3,1.3,0.5,0.2,0.3,0.1,0.0,0.0,1.0,0.4
203486,Mason Plumlee,2,1,1.0,0.0,0.7,0.0,0.0,0.0,0.0,0.0,0.0,0.0,0.0,0.0,0.0,0.0,0.0,0.0,0.0
1629680,Matisse Thybulle,1,3,0.5,0.0,0.0,0.0,0.0,0.0,0.0,0.0,0.0,0.5,1.0,0.0,0.0,0.0,0.0,0.0,0.0
1630346,Matt Ryan,2,1,1.7,0.0,0.3,0.0,0.0,0.0,0.0,0.0,0.0,1.0,0.6,0.0,0.0,0.3,0.2,0.0,0.0
1631108,Max Christie,0,1,0.0,0.0,0.0,0.0,0.0,0.0,0.0,0.0,0.0,0.0,0.0,0.0,0.0,0.0,0.0,0.0,0.0
1629622,Max Strus,1,2,6.0,0.3,3.0,0.111,0.7,0.7,1.0,1.3,0.222,2.7,0.444,1.0,0.167,0.0,0.0,0.3,0.056
1628467,Maxi Kleber,3,0,1.0,0.0,0.7,0.0,0.0,0.0,0.0,0.0,0.0,0.3,0.333,0.0,0.0,0.0,0.0,0.0,0.0
1641721,Maxwell Lewis,0,1,0.0,0.0,0.0,0.0,0.0,0.0,0.0,0.0,0.0,0.0,0.0,0.0,0.0,0.0,0.0,0.0,0.0
1629008,Michael Porter Jr.,4,0,2.0,0.5,1.3,0.4,0.0,0.0,0.0,1.0,0.5,0.8,0.375,0.5,0.25,0.0,0.0,0.0,0.0
1628969,Mikal Bridges,1,2,10.3,3.3,5.0,0.667,1.3,1.3,1.0,8.0,0.774,4.0,0.387,0.7,0.065,0.7,0.065,0.7,0.065
201144,Mike Conley,1,2,8.0,1.3,3.0,0.444,0.7,0.7,1.0,3.3,0.417,4.3,0.542,1.3,0.167,0.0,0.0,0.3,0.042
203488,Mike Muscala,1,1,0.0,0.0,0.0,0.0,0.0,0.0,0.0,0.0,0.0,0.0,0.0,0.0,0.0,0.0,0.0,0.0,0.0
1630540,Miles McBride,0,1,0.0,0.0,0.0,0.0,0.0,0.0,0.0,0.0,0.0,0.0,0.0,0.0,0.0,0.0,0.0,0.0,0.0
1629011,Mitchell Robinson,1,2,0.0,0.0,0.0,0.0,0.0,0.0,0.0,0.0,0.0,0.0,0.0,0.0,0.0,0.0,0.0,0.0,0.0
1628964,Mo Bamba,1,0,0.0,0.0,0.0,0.0,0.0,0.0,0.0,0.0,0.0,0.0,0.0,0.0,0.0,0.0,0.0,0.0,0.0
1629021,Moritz Wagner,2,1,0.7,0.7,0.7,1.0,0.0,0.0,0.0,1.3,2.0,0.0,0.0,0.0,0.0,0.0,0.0,0.0,0.0
1630541,Moses Moody,3,1,2.3,0.3,0.5,0.5,0.8,1.0,0.75,1.3,0.556,1.0,0.444,0.0,0.0,0.0,0.0,0.5,0.222
1631243,Mouhamed Gueye,2,0,0.0,0.0,0.0,0.0,0.0,0.0,0.0,0.0,0.0,0.0,0.0,0.0,0.0,0.0,0.0,0.0,0.0
1631217,Moussa Diabate,2,0,0.0,0.0,0.0,0.0,0.0,0.0,0.0,0.0,0.0,0.0,0.0,0.0,0.0,0.0,0.0,0.0,0.0
1626167,Myles Turner,2,1,2.7,0.7,1.7,0.4,0.7,1.3,0.5,2.3,0.875,0.0,0.0,0.0,0.0,0.3,0.125,0.7,0.25
1629642,Nassir Little,2,1,1.7,0.3,0.3,1.0,0.0,0.0,0.0,0.7,0.4,1.0,0.6,0.0,0.0,0.3,0.2,0.0,0.0
1631466,Nate Williams,0,1,0.0,0.0,0.0,0.0,0.0,0.0,0.0,0.0,0.0,0.0,0.0,0.0,0.0,0.0,0.0,0.0,0.0
1629675,Naz Reid,1,2,3.0,1.3,2.0,0.667,0.0,0.0,0.0,2.7,0.889,0.7,0.222,0.0,0.0,0.0,0.0,0.0,0.0
1629651,Nic Claxton,0,1,1.0,0.0,1.0,0.0,0.0,0.0,0.0,0.0,0.0,0.0,0.0,0.0,0.0,0.0,0.0,0.0,0.0
1630208,Nick Richards,1,2,0.0,0.0,0.0,0.0,0.0,0.0,0.0,0.0,0.0,0.0,0.0,0.0,0.0,0.0,0.0,0.0,0.0
1641733,Nick Smith Jr.,1,0,0.0,0.0,0.0,0.0,0.0,0.0,0.0,0.0,0.0,0.0,0.0,0.0,0.0,0.0,0.0,0.0,0.0
1629638,Nickeil Alexander-Walker,1,2,2.7,0.3,0.7,0.5,0.0,0.0,0.0,0.7,0.25,1.3,0.5,1.0,0.375,0.7,0.25,0.0,0.0
201587,Nicolas Batum,2,1,0.3,0.0,0.0,0.0,0.0,0.0,0.0,0.0,0.0,0.3,1.0,0.0,0.0,0.0,0.0,0.0,0.0
203999,Nikola Jokic,4,0,3.8,1.8,1.8,1.0,0.0,0.0,0.0,3.8,1.0,2.0,0.533,0.8,0.2,0.0,0.0,0.0,0.0
1631107,Nikola Jovic,0,2,0.0,0.0,0.0,0.0,0.0,0.0,0.0,0.0,0.0,0.0,0.0,0.0,0.0,0.0,0.0,0.0,0.0
202696,Nikola Vucevic,2,2,1.8,0.5,0.5,1.0,0.0,0.0,0.0,1.3,0.714,1.0,0.571,0.3,0.143,0.3,0.143,0.0,0.0
1626181,Norman Powell,2,1,6.3,1.7,2.3,0.714,0.7,0.7,1.0,4.0,0.632,3.7,0.579,0.7,0.105,0.0,0.0,0.3,0.053
1628384,OG Anunoby,1,2,3.3,0.3,0.7,0.5,0.7,0.7,1.0,1.3,0.4,1.7,0.5,0.0,0.0,0.7,0.2,0.3,0.1
1630167,Obi Toppin,2,1,2.7,1.0,2.0,0.5,0.0,0.0,0.0,2.0,0.75,0.7,0.25,0.0,0.0,0.0,0.0,0.0,0.0
1630534,Ochai Agbaji,1,3,1.3,0.0,0.8,0.0,0.0,0.0,0.0,0.0,0.0,0.5,0.4,0.0,0.0,0.0,0.0,0.0,0.0
1630846,Olivier Sarr,2,1,0.0,0.0,0.0,0.0,0.0,0.0,0.0,0.0,0.0,0.0,0.0,0.0,0.0,0.0,0.0,0.0,0.0
1630209,Omer Yurtseven,0,2,0.0,0.0,0.0,0.0,0.0,0.0,0.0,0.0,0.0,0.0,0.0,0.0,0.0,0.0,0.0,0.0,0.0
1630168,Onyeka Okongwu,2,2,0.0,0.0,0.0,0.0,0.0,0.0,0.0,0.0,0.0,0.0,0.0,0.0,0.0,0.0,0.0,0.0,0.0
1631115,Orlando Robinson,0,2,1.0,0.5,0.5,1.0,0.0,0.0,0.0,1.0,1.0,0.5,0.5,0.0,0.0,0.0,0.0,0.0,0.0
1629052,Oshae Brissett,2,0,0.5,0.0,0.5,0.0,0.0,0.0,0.0,0.0,0.0,0.0,0.0,0.0,0.0,0.0,0.0,0.0,0.0
1631172,Ousmane Dieng,3,1,0.8,0.3,0.5,0.5,0.3,0.3,1.0,0.3,0.333,0.3,0.333,0.0,0.0,0.0,0.0,0.3,0.333
200782,P.J. Tucker,2,1,0.3,0.0,0.0,0.0,0.0,0.0,0.0,0.0,0.0,0.3,1.0,0.0,0.0,0.0,0.0,0.0,0.0
1629023,P.J. Washington,1,2,5.0,1.3,2.7,0.5,0.0,0.0,0.0,2.7,0.533,2.3,0.467,0.3,0.067,0.0,0.0,0.0,0.0
1631094,Paolo Banchero,2,1,8.3,0.7,3.7,0.182,0.0,1.3,0.0,1.7,0.2,3.3,0.4,1.3,0.16,0.7,0.08,0.7,0.08
1627783,Pascal Siakam,1,3,9.5,0.5,3.8,0.133,1.3,1.5,0.833,2.5,0.263,4.5,0.474,0.5,0.053,0.0,0.0,0.8,0.079
1626192,Pat Connaughton,2,1,3.3,0.3,1.0,0.333,0.7,0.7,1.0,1.3,0.4,1.7,0.5,1.0,0.3,0.0,0.0,0.3,0.1
1631116,Patrick Baldwin Jr.,0,2,0.0,0.0,0.0,0.0,0.0,0.0,0.0,0.0,0.0,0.0,0.0,0.0,0.0,0.0,0.0,0.0,0.0
201976,Patrick Beverley,2,1,3.3,1.0,1.0,1.0,0.0,0.0,0.0,2.0,0.6,2.3,0.7,0.0,0.0,0.0,0.0,0.0,0.0
1630172,Patrick Williams,2,2,4.0,1.0,2.5,0.4,0.5,0.5,1.0,2.5,0.625,1.0,0.25,0.0,0.0,0.3,0.063,0.3,0.063
202331,Paul George,2,1,7.0,2.7,3.3,0.8,2.7,2.7,1.0,8.3,1.19,1.7,0.238,0.7,0.095,0.0,0.0,1.3,0.19
1630194,Paul Reed,2,1,0.7,0.3,0.7,0.5,0.0,0.0,0.0,0.7,1.0,0.0,0.0,0.0,0.0,0.0,0.0,0.0,0.0
1630202,Payton Pritchard,3,0,3.0,0.3,0.7,0.5,0.0,0.0,0.0,0.7,0.222,1.3,0.444,0.7,0.222,0.3,0.111,0.0,0.0
1631212,Peyton Watson,4,0,1.0,0.8,0.8,1.0,0.0,0.0,0.0,1.5,1.5,0.3,0.25,0.0,0.0,0.0,0.0,0.0,0.0
1630173,Precious Achiuwa,1,2,2.7,0.3,1.7,0.2,0.0,0.0,0.0,0.7,0.25,0.7,0.25,0.0,0.0,0.3,0.125,0.0,0.0
1629656,Quentin Grimes,1,2,1.0,0.7,0.7,1.0,0.0,0.0,0.0,1.3,1.333,0.3,0.333,0.3,0.333,0.0,0.0,0.0,0.0
1630181,R.J. Hampton,0,1,0.0,0.0,0.0,0.0,0.0,0.0,0.0,0.0,0.0,0.0,0.0,0.0,0.0,0.0,0.0,0.0,0.0
1629628,RJ Barrett,1,2,11.3,2.7,6.0,0.444,1.0,1.3,0.75,6.7,0.588,3.3,0.294,1.0,0.088,1.0,0.088,0.7,0.059
1641712,Rayan Rupert,0,2,0.5,0.0,0.0,0.0,0.0,0.0,0.0,0.0,0.0,0.5,1.0,0.0,0.0,0.0,0.0,0.0,0.0
203493,Reggie Bullock Jr.,0,3,0.0,0.0,0.0,0.0,0.0,0.0,0.0,0.0,0.0,0.0,0.0,0.0,0.0,0.0,0.0,0.0,0.0
202704,Reggie Jackson,4,0,4.8,1.0,2.0,0.5,0.0,0.0,0.0,2.0,0.421,2.0,0.421,1.0,0.211,0.5,0.105,0.0,0.0
203496,Robert Covington,2,1,1.0,0.0,0.0,0.0,0.0,0.0,0.0,0.0,0.0,1.0,1.0,0.3,0.333,0.0,0.0,0.0,0.0
1629057,Robert Williams III,0,3,0.3,0.0,0.3,0.0,0.0,0.0,0.0,0.0,0.0,0.0,0.0,0.0,0.0,0.0,0.0,0.0,0.0
201577,Robin Lopez,0,1,1.0,0.0,0.0,0.0,0.0,0.0,0.0,0.0,0.0,1.0,1.0,0.0,0.0,0.0,0.0,0.0,0.0
1626220,Royce O'Neale,1,2,3.7,0.7,1.0,0.667,0.0,0.0,0.0,1.3,0.364,2.7,0.727,0.3,0.091,0.0,0.0,0.0,0.0
203497,Rudy Gobert,1,2,0.7,0.3,0.3,1.0,0.0,0.0,0.0,0.7,1.0,0.3,0.5,0.0,0.0,0.0,0.0,0.0,0.0
1629060,Rui Hachimura,1,2,2.0,0.3,1.3,0.25,0.3,0.7,0.5,1.0,0.5,0.3,0.167,0.0,0.0,0.0,0.0,0.3,0.167
201566,Russell Westbrook,2,1,7.0,0.7,1.3,0.5,0.0,0.7,0.0,1.3,0.19,5.0,0.714,2.0,0.286,0.3,0.048,0.3,0.048
1631157,Ryan Rollins,0,2,3.5,0.0,1.0,0.0,2.0,3.0,0.667,2.0,0.571,1.0,0.286,1.0,0.286,0.0,0.0,1.5,0.429
1630240,Saben Lee,1,0,1.0,0.0,0.0,0.0,0.0,0.0,0.0,0.0,0.0,1.0,1.0,1.0,1.0,0.0,0.0,0.0,0.0
1630180,Saddiq Bey,2,2,2.5,0.8,1.8,0.429,0.0,0.0,0.0,1.8,0.7,0.5,0.2,0.3,0.1,0.3,0.1,0.0,0.0
1630573,Sam Hauser,3,0,0.7,0.0,0.0,0.0,0.0,0.0,0.0,0.0,0.0,0.7,1.0,0.3,0.5,0.0,0.0,0.0,0.0
1630241,Sam Merrill,0,1,1.0,0.0,1.0,0.0,0.0,0.0,0.0,0.0,0.0,0.0,0.0,0.0,0.0,0.0,0.0,0.0,0.0
1630572,Sandro Mamukelashvili,0,1,1.0,0.0,0.0,0.0,0.0,0.0,0.0,0.0,0.0,1.0,1.0,0.0,0.0,0.0,0.0,0.0,0.0
1628426,Sasha Vezenkov,2,1,0.3,0.0,0.0,0.0,0.0,0.0,0.0,0.0,0.0,0.3,1.0,0.0,0.0,0.0,0.0,0.0,0.0
1630703,Scoot Henderson,1,3,8.0,2.5,3.8,0.667,0.0,0.0,0.0,5.3,0.656,2.5,0.313,0.5,0.063,1.3,0.156,0.0,0.0
1630567,Scottie Barnes,1,3,8.3,2.3,4.8,0.474,1.0,1.0,1.0,5.8,0.697,2.0,0.242,0.5,0.061,1.0,0.121,0.5,0.061
203552,Seth Curry,3,0,0.3,0.0,0.0,0.0,0.0,0.0,0.0,0.0,0.0,0.3,1.0,0.3,1.0,0.0,0.0,0.0,0.0
1631101,Shaedon Sharpe,1,3,6.0,1.3,2.8,0.455,1.8,1.8,1.0,4.3,0.708,1.8,0.292,0.0,0.0,0.3,0.042,0.8,0.125
1628983,Shai Gilgeous-Alexander,3,1,23.5,5.5,12.3,0.449,1.8,2.0,0.875,12.8,0.543,7.8,0.33,3.0,0.128,1.5,0.064,1.0,0.043
1629003,Shake Milton,1,2,4.3,0.0,1.3,0.0,0.0,0.0,0.0,0.0,0.0,2.0,0.462,0.0,0.0,0.7,0.154,0.0,0.0
1631323,Simone Fontecchio,0,2,0.5,0.0,0.0,0.0,0.0,0.0,0.0,0.0,0.0,0.5,1.0,0.0,0.0,0.0,0.0,0.0,0.0
1630219,Skylar Mays,1,2,2.7,0.3,1.0,0.333,0.0,0.0,0.0,0.7,0.25,1.7,0.625,0.0,0.0,0.0,0.0,0.0,0.0
203915,Spencer Dinwiddie,1,2,4.0,0.7,1.3,0.5,0.3,0.7,0.5,1.7,0.417,2.0,0.5,1.3,0.333,0.0,0.0,0.3,0.083
1630649,Stanley Umude,1,1,0.0,0.0,0.0,0.0,0.0,0.0,0.0,0.0,0.0,0.0,0.0,0.0,0.0,0.0,0.0,0.0,0.0
201939,Stephen Curry,3,1,5.0,1.5,2.3,0.667,0.8,1.0,0.75,3.8,0.75,1.8,0.35,0.5,0.1,0.5,0.1,0.5,0.1
1629004,Svi Mykhailiuk,1,0,1.0,0.0,0.0,0.0,0.0,0.0,0.0,0.0,0.0,1.0,1.0,0.0,0.0,0.0,0.0,0.0,0.0
204456,T.J. McConnell,2,0,9.5,2.5,3.0,0.833,1.0,1.0,1.0,6.0,0.632,6.0,0.632,2.0,0.211,0.0,0.0,0.5,0.053
1629659,Talen Horton-Tucker,1,3,9.3,1.0,3.8,0.267,0.5,0.5,1.0,2.8,0.297,5.3,0.568,1.3,0.135,0.0,0.0,0.3,0.027
1627752,Taurean Prince,2,2,3.8,0.5,1.3,0.4,0.8,1.0,0.75,1.8,0.467,1.3,0.333,0.3,0.067,0.5,0.133,0.5,0.133
1641707,Taylor Hendricks,0,1,0.0,0.0,0.0,0.0,0.0,0.0,0.0,0.0,0.0,0.0,0.0,0.0,0.0,0.0,0.0,0.0,0.0
1626179,Terry Rozier,1,2,12.3,5.0,8.0,0.625,0.7,0.7,1.0,11.0,0.892,3.3,0.27,1.3,0.108,0.7,0.054,0.3,0.027
1630678,Terry Taylor,0,1,0.0,0.0,0.0,0.0,0.0,0.0,0.0,0.0,0.0,0.0,0.0,0.0,0.0,0.0,0.0,0.0,0.0
203648,Thanasis Antetokounmpo,0,1,0.0,0.0,0.0,0.0,0.0,0.0,0.0,0.0,0.0,0.0,0.0,0.0,0.0,0.0,0.0,0.0,0.0
1630177,Theo Maledon,1,2,5.0,0.7,1.3,0.5,0.0,0.0,0.0,1.3,0.267,3.0,0.6,0.7,0.133,0.0,0.0,0.0,0.0
1628418,Thomas Bryant,1,3,0.3,0.0,0.3,0.0,0.0,0.0,0.0,0.0,0.0,0.0,0.0,0.0,0.0,0.0,0.0,0.0,0.0
203501,Tim Hardaway Jr.,3,0,2.7,1.0,1.3,0.75,0.0,0.0,0.0,2.0,0.75,1.3,0.5,1.0,0.375,0.0,0.0,0.0,0.0
202699,Tobias Harris,2,1,6.3,2.0,2.3,0.857,0.7,0.7,1.0,4.7,0.737,2.0,0.316,0.3,0.053,1.0,0.158,0.3,0.053
1628470,Torrey Craig,2,2,2.8,0.8,1.3,0.6,0.0,0.0,0.0,1.5,0.545,1.5,0.545,0.3,0.091,0.0,0.0,0.0,0.0
1641739,Toumani Camara,1,3,4.0,0.0,1.8,0.0,1.0,1.5,0.667,1.0,0.25,1.3,0.313,0.5,0.125,0.0,0.0,0.8,0.188
1629027,Trae Young,2,2,16.3,2.0,6.3,0.32,2.3,2.5,0.9,6.5,0.4,7.0,0.431,2.8,0.169,1.3,0.077,1.3,0.077
1631218,Trayce Jackson-Davis,2,0,0.5,0.5,0.5,1.0,0.0,0.0,0.0,1.0,2.0,0.0,0.0,0.0,0.0,0.0,0.0,0.0,0.0
1630200,Tre Jones,1,2,8.3,1.3,3.0,0.444,0.7,0.7,1.0,3.3,0.4,4.0,0.48,1.3,0.16,0.7,0.08,0.3,0.04
1630544,Tre Mann,2,1,2.3,1.0,1.3,0.75,0.0,0.0,0.0,2.0,0.857,1.0,0.429,0.3,0.143,0.0,0.0,0.0,0.0
1630235,Trent Forrest,1,0,2.0,0.0,0.0,0.0,0.0,0.0,0.0,0.0,0.0,2.0,1.0,0.0,0.0,0.0,0.0,0.0,0.0
202684,Tristan Thompson,0,1,1.0,0.0,1.0,0.0,0.0,0.0,0.0,0.0,0.0,0.0,0.0,0.0,0.0,0.0,0.0,0.0,0.0
1628972,Troy Brown Jr.,1,1,0.0,0.0,0.0,0.0,0.0,0.0,0.0,0.0,0.0,0.0,0.0,0.0,0.0,0.0,0.0,0.0,0.0
1629660,Ty Jerome,1,1,3.5,1.0,1.5,0.667,0.0,0.0,0.0,2.0,0.571,1.5,0.429,0.5,0.143,0.5,0.143,0.0,0.0
1631102,TyTy Washington Jr.,0,1,2.0,0.0,1.0,0.0,0.0,0.0,0.0,0.0,0.0,0.0,0.0,0.0,0.0,1.0,0.5,0.0,0.0
1629639,Tyler Herro,1,3,14.3,4.0,7.3,0.552,2.0,2.0,1.0,10.0,0.702,5.0,0.351,1.8,0.123,0.3,0.018,1.0,0.07
1630169,Tyrese Haliburton,2,1,15.7,4.0,6.0,0.667,0.7,0.7,1.0,8.7,0.553,9.0,0.574,2.0,0.128,0.0,0.0,0.3,0.021
1630178,Tyrese Maxey,2,1,14.7,2.7,7.0,0.381,4.0,4.0,1.0,9.3,0.636,4.7,0.318,1.3,0.091,0.7,0.045,2.0,0.136
1626145,Tyus Jones,1,2,4.3,1.3,2.7,0.5,0.0,0.0,0.0,2.7,0.615,1.3,0.308,0.7,0.154,0.3,0.077,0.0,0.0
1628962,Udoka Azubuike,1,0,0.0,0.0,0.0,0.0,0.0,0.0,0.0,0.0,0.0,0.0,0.0,0.0,0.0,0.0,0.0,0.0,0.0
203995,Vasilije Micic,1,1,4.0,0.5,0.5,1.0,0.0,0.0,0.0,1.0,0.25,2.0,0.5,0.5,0.125,1.5,0.375,0.0,0.0
1641705,Victor Wembanyama,1,2,3.3,0.3,1.0,0.333,1.0,2.0,0.5,1.7,0.5,0.7,0.2,0.0,0.0,0.7,0.2,1.0,0.3
1631246,Vince Williams Jr.,0,1,0.0,0.0,0.0,0.0,0.0,0.0,0.0,0.0,0.0,0.0,0.0,0.0,0.0,0.0,0.0,0.0,0.0
1631117,Walker Kessler,1,3,0.0,0.0,0.0,0.0,0.0,0.0,0.0,0.0,0.0,0.0,0.0,0.0,0.0,0.0,0.0,0.0,0.0
1628976,Wendell Carter Jr.,2,1,1.3,0.0,0.7,0.0,0.0,0.0,0.0,0.0,0.0,0.3,0.25,0.0,0.0,0.3,0.25,0.0,0.0
1630214,Xavier Tillman,0,4,3.3,0.0,1.3,0.0,0.0,0.5,0.0,0.0,0.0,1.0,0.308,0.5,0.154,0.5,0.154,0.3,0.077
1629139,Yuta Watanabe,2,1,0.7,0.0,0.7,0.0,0.0,0.0,0.0,0.0,0.0,0.0,0.0,0.0,0.0,0.0,0.0,0.0,0.0
1628380,Zach Collins,1,2,3.0,0.7,1.0,0.667,0.0,0.0,0.0,1.3,0.444,1.0,0.333,0.3,0.111,1.0,0.333,0.0,0.0
203897,Zach LaVine,2,2,10.3,3.0,6.0,0.5,2.0,2.0,1.0,8.0,0.78,1.8,0.171,0.0,0.0,1.0,0.098,1.0,0.098
1630192,Zeke Nnaji,4,0,0.8,0.0,0.5,0.0,0.0,0.0,0.0,0.0,0.0,0.3,0.333,0.3,0.333,0.0,0.0,0.0,0.0
1630533,Ziaire Williams,0,4,2.5,0.5,1.5,0.333,0.0,0.0,0.0,1.0,0.4,0.5,0.2,0.0,0.0,0.3,0.1,0.0,0.0
1629627,Zion Williamson,2,1,12.0,4.0,6.7,0.6,1.0,2.0,0.5,9.7,0.806,3.0,0.25,0.0,0.0,1.0,0.083,1.0,0.083
