PLAYER_ID,PLAYER_NAME,GP,W,L,OREB,OREB_CONTEST,OREB_UNCONTEST,OREB_CONTEST_PCT,OREB_CHANCES,OREB_CHANCE_PCT,OREB_CHANCE_DEFER,OREB_CHANCE_PCT_ADJ,AVG_OREB_DIST,DREB,DREB_CONTEST,DREB_UNCONTEST,DREB_CONTEST_PCT,DREB_CHANCES,DREB_CHANCE_PCT,DREB_CHANCE_DEFER,DREB_CHANCE_PCT_ADJ,AVG_DREB_DIST,REB,REB_CONTEST,REB_UNCONTEST,REB_CONTEST_PCT,REB_CHANCES,REB_CHANCE_PCT,REB_CHANCE_DEFER,REB_CHANCE_PCT_ADJ,AVG_REB_DIST
1630639,A.J. Lawson,8,1,7,0.8,0.6,0.1,0.833,1.8,0.429,0.0,0.429,4.2,1.9,0.6,1.3,0.333,2.4,0.789,0.4,0.938,6.8,2.6,1.3,1.4,0.476,3.8,0.7,0.4,0.778,6.1
1631260,AJ Green,23,16,7,0.3,0.1,0.2,0.333,1.0,0.261,0.1,0.286,16.9,1.7,0.6,1.1,0.359,2.7,0.629,0.3,0.696,6.7,2.0,0.7,1.3,0.356,3.6,0.542,0.3,0.6,8.1
1628988,Aaron Holiday,39,18,21,0.6,0.3,0.4,0.4,1.3,0.49,0.0,0.5,10.0,1.3,0.1,1.1,0.102,2.1,0.605,0.2,0.653,10.2,1.9,0.4,1.5,0.203,3.4,0.561,0.2,0.592,10.1
1630174,Aaron Nesmith,71,29,42,0.9,0.5,0.4,0.532,2.5,0.346,0.1,0.358,10.6,3.0,0.6,2.4,0.214,6.0,0.502,0.7,0.566,5.9,3.9,1.1,2.8,0.285,8.2,0.476,0.8,0.525,7.0
1630598,Aaron Wiggins,64,34,30,1.1,0.6,0.4,0.603,2.2,0.486,0.1,0.507,8.5,2.2,0.7,1.6,0.296,4.0,0.555,0.4,0.623,6.7,3.3,1.3,2.0,0.395,6.1,0.537,0.5,0.588,7.3
202692,Alec Burks,44,11,33,0.4,0.1,0.3,0.353,1.1,0.354,0.0,0.354,13.3,3.1,0.7,2.5,0.21,4.8,0.66,0.3,0.697,7.0,3.5,0.8,2.7,0.226,5.7,0.622,0.3,0.651,7.7
1627936,Alex Caruso,59,27,32,0.7,0.3,0.4,0.39,1.8,0.39,0.1,0.423,10.8,2.6,0.3,2.3,0.118,4.5,0.578,0.4,0.628,8.9,3.3,0.6,2.7,0.176,6.0,0.548,0.5,0.598,9.3
1631214,Alondes Williams,1,1,0,0.0,0.0,0.0,0.0,0.0,0.0,0.0,0.0,0.0,1.0,0.0,1.0,0.0,1.0,1.0,0.0,1.0,7.0,1.0,0.0,1.0,0.0,1.0,1.0,0.0,1.0,7.0
1629599,Amir Coffey,26,11,15,0.7,0.2,0.5,0.294,1.5,0.447,0.0,0.459,11.8,1.4,0.2,1.2,0.111,2.7,0.514,0.2,0.563,9.8,2.0,0.3,1.7,0.17,4.0,0.51,0.3,0.546,10.5
2738,Andre Iguodala,6,2,4,0.5,0.2,0.3,0.333,0.8,0.6,0.0,0.6,11.2,1.7,0.3,1.3,0.2,3.5,0.476,0.5,0.556,6.2,2.2,0.5,1.7,0.231,4.2,0.52,0.5,0.591,7.3
1629614,Andrew Nembhard,71,30,41,0.5,0.1,0.4,0.171,1.3,0.385,0.1,0.422,16.5,2.3,0.4,1.9,0.165,3.8,0.603,0.3,0.646,8.5,2.8,0.5,2.3,0.166,5.0,0.556,0.4,0.599,9.9
1629014,Anfernee Simons,57,26,31,0.3,0.1,0.2,0.389,1.2,0.261,0.1,0.29,13.5,2.5,0.5,2.0,0.189,3.9,0.641,0.3,0.701,9.0,2.8,0.6,2.2,0.211,5.1,0.557,0.5,0.612,9.5
1630162,Anthony Edwards,76,39,37,0.6,0.2,0.4,0.378,1.9,0.304,0.1,0.321,12.9,5.4,1.0,4.4,0.189,8.5,0.634,0.7,0.688,6.4,6.0,1.2,4.7,0.208,10.2,0.585,0.8,0.633,7.0
1630559,Austin Reaves,57,32,25,0.6,0.2,0.4,0.333,1.4,0.402,0.1,0.44,10.6,2.8,0.2,2.5,0.088,4.9,0.578,0.5,0.645,8.7,3.4,0.4,2.9,0.13,6.2,0.545,0.6,0.607,9.1
203085,Austin Rivers,36,16,20,0.1,0.0,0.1,0.2,0.6,0.238,0.0,0.25,11.7,2.2,0.2,2.0,0.09,3.3,0.655,0.3,0.709,9.4,2.3,0.2,2.1,0.096,3.8,0.61,0.3,0.659,9.6
1630245,Ayo Dosunmu,66,33,33,0.7,0.2,0.4,0.364,1.6,0.415,0.1,0.44,13.4,2.6,0.4,2.2,0.139,4.3,0.605,0.5,0.678,9.5,3.3,0.6,2.7,0.184,5.9,0.561,0.6,0.62,10.3
1627732,Ben Simmons,42,24,18,1.0,0.5,0.5,0.5,2.3,0.421,0.0,0.43,7.0,5.3,1.2,4.1,0.229,8.3,0.643,0.6,0.697,6.1,6.3,1.7,4.6,0.27,9.9,0.631,0.7,0.678,6.3
1631097,Bennedict Mathurin,76,32,44,1.1,0.7,0.5,0.575,3.2,0.357,0.1,0.367,8.2,3.0,0.5,2.6,0.156,5.1,0.597,0.5,0.662,8.2,4.2,1.1,3.1,0.27,8.2,0.513,0.6,0.553,8.2
1631104,Blake Wesley,24,6,18,0.5,0.3,0.2,0.583,1.8,0.279,0.0,0.279,10.7,2.6,0.3,2.3,0.113,4.0,0.639,0.3,0.681,7.2,3.1,0.6,2.5,0.189,5.8,0.529,0.3,0.552,7.8
203992,Bogdan Bogdanovic,51,26,25,0.5,0.1,0.4,0.217,1.0,0.434,0.1,0.46,16.6,2.8,0.6,2.1,0.232,4.6,0.604,0.5,0.673,6.5,3.2,0.7,2.5,0.23,5.5,0.589,0.5,0.652,7.9
1630538,Bones Hyland,49,33,16,0.4,0.2,0.2,0.5,1.2,0.339,0.0,0.351,10.8,2.3,0.4,2.0,0.157,3.9,0.605,0.2,0.646,8.2,2.8,0.6,2.2,0.207,5.0,0.556,0.3,0.59,8.6
203078,Bradley Beal,49,23,26,0.8,0.3,0.5,0.39,1.9,0.432,0.0,0.436,11.2,3.2,0.7,2.5,0.219,5.0,0.628,0.4,0.68,7.5,4.0,1.0,3.0,0.255,6.9,0.583,0.4,0.62,8.3
1630527,Brandon Boston Jr.,15,6,9,0.5,0.2,0.3,0.429,1.1,0.438,0.1,0.5,7.2,1.5,0.3,1.2,0.217,3.1,0.489,0.1,0.5,7.6,2.0,0.5,1.5,0.267,4.1,0.492,0.2,0.517,7.5
1628971,Bruce Brown,76,49,27,0.8,0.5,0.3,0.603,2.2,0.38,0.1,0.391,7.4,3.5,0.6,2.9,0.17,5.9,0.592,0.5,0.643,7.0,4.3,1.1,3.2,0.253,7.9,0.549,0.5,0.59,7.1
1631121,Bryce McGowens,37,12,25,0.5,0.3,0.3,0.5,1.5,0.37,0.0,0.377,10.4,2.0,0.4,1.6,0.178,3.3,0.593,0.3,0.652,9.0,2.5,0.6,1.9,0.247,4.5,0.554,0.3,0.596,9.3
1627854,Bryn Forbes,11,4,7,0.4,0.1,0.3,0.25,0.5,0.8,0.0,0.8,18.5,1.0,0.4,0.6,0.364,1.6,0.611,0.1,0.647,9.4,1.4,0.5,0.9,0.333,2.1,0.652,0.1,0.682,11.8
1627741,Buddy Hield,79,35,44,0.8,0.3,0.6,0.313,2.2,0.383,0.1,0.392,13.0,4.2,0.6,3.6,0.144,7.2,0.588,0.7,0.653,7.0,5.1,0.9,4.2,0.173,9.2,0.553,0.8,0.603,8.0
203468,CJ McCollum,72,36,36,0.8,0.2,0.6,0.255,1.7,0.462,0.0,0.47,14.6,3.8,0.5,3.3,0.125,5.9,0.638,0.4,0.683,9.1,4.6,0.7,3.9,0.146,7.5,0.607,0.4,0.643,10.0
1630595,Cade Cunningham,12,3,9,1.0,0.4,0.6,0.417,2.7,0.375,0.2,0.4,9.9,5.2,1.4,3.8,0.274,8.1,0.639,0.3,0.667,6.6,6.2,1.8,4.3,0.297,10.7,0.578,0.5,0.607,7.1
1631216,Caleb Houstan,41,14,27,0.8,0.3,0.5,0.382,2.0,0.415,0.1,0.43,9.9,1.6,0.3,1.3,0.2,2.8,0.57,0.3,0.65,8.5,2.4,0.6,1.8,0.263,4.7,0.518,0.4,0.569,9.0
1629629,Cam Reddish,31,12,19,0.6,0.2,0.4,0.389,1.4,0.429,0.1,0.45,13.4,2.3,0.5,1.7,0.229,3.5,0.636,0.3,0.693,9.3,2.8,0.7,2.1,0.261,4.9,0.583,0.4,0.629,10.2
1630560,Cam Thomas,42,23,19,0.2,0.1,0.1,0.375,0.7,0.258,0.0,0.276,10.7,2.1,0.4,1.6,0.195,3.8,0.54,0.3,0.592,7.5,2.3,0.5,1.7,0.211,4.4,0.511,0.4,0.559,7.7
1626166,Cameron Payne,42,24,18,0.3,0.1,0.2,0.333,1.3,0.218,0.0,0.226,12.5,2.2,0.1,2.1,0.064,3.7,0.61,0.4,0.676,8.5,2.5,0.2,2.3,0.094,4.8,0.53,0.4,0.579,9.0
1627747,Caris LeVert,72,44,28,0.7,0.4,0.4,0.509,1.8,0.408,0.1,0.427,9.6,3.2,0.5,2.6,0.166,5.0,0.638,0.4,0.696,8.1,3.9,0.9,3.0,0.23,6.5,0.601,0.5,0.651,8.4
1630637,Carlik Jones,3,2,1,0.3,0.3,0.0,1.0,1.3,0.25,0.0,0.25,8.9,1.3,0.3,1.0,0.25,2.0,0.667,0.0,0.667,8.1,1.7,0.7,1.0,0.4,3.3,0.5,0.0,0.5,8.2
1630537,Chris Duarte,41,17,24,0.5,0.1,0.3,0.316,1.7,0.268,0.0,0.268,13.8,2.3,0.4,2.0,0.167,4.1,0.565,0.5,0.64,6.9,2.8,0.5,2.3,0.191,5.6,0.5,0.5,0.548,8.1
101108,Chris Paul,58,33,25,0.5,0.1,0.4,0.222,1.0,0.458,0.1,0.482,14.5,3.9,0.6,3.2,0.165,6.1,0.631,0.4,0.675,8.6,4.3,0.7,3.6,0.171,7.1,0.611,0.4,0.652,9.2
1631128,Christian Braun,57,37,20,0.8,0.5,0.4,0.542,2.1,0.41,0.1,0.425,8.6,2.3,0.4,1.9,0.173,3.5,0.668,0.3,0.727,7.0,3.2,0.9,2.3,0.271,5.4,0.593,0.4,0.635,7.4
1629632,Coby White,64,30,34,0.2,0.0,0.2,0.2,0.8,0.3,0.0,0.319,13.9,3.1,0.6,2.4,0.204,5.0,0.607,0.4,0.656,8.0,3.3,0.7,2.6,0.204,5.7,0.58,0.4,0.626,8.4
1630175,Cole Anthony,59,28,31,0.8,0.4,0.4,0.489,1.8,0.431,0.1,0.456,10.5,4.1,0.5,3.6,0.129,6.7,0.609,0.7,0.681,7.1,4.9,0.9,3.9,0.188,8.4,0.583,0.8,0.646,7.7
1629012,Collin Sexton,38,20,18,1.0,0.4,0.6,0.459,2.2,0.451,0.1,0.463,9.6,1.8,0.2,1.6,0.118,2.7,0.654,0.2,0.694,10.4,2.8,0.7,2.1,0.238,4.9,0.565,0.2,0.59,10.1
202709,Cory Joseph,50,10,40,0.4,0.1,0.3,0.238,1.1,0.396,0.1,0.429,13.5,1.7,0.3,1.4,0.2,3.6,0.472,0.4,0.538,9.0,2.1,0.4,1.7,0.208,4.6,0.461,0.5,0.52,9.9
1626156,D'Angelo Russell,66,37,29,0.5,0.2,0.3,0.371,1.1,0.467,0.0,0.486,15.8,2.7,0.4,2.3,0.161,5.2,0.522,0.6,0.592,8.8,3.3,0.6,2.6,0.195,6.3,0.518,0.7,0.58,10.0
1630227,Daishen Nix,44,11,33,0.4,0.1,0.3,0.333,0.9,0.439,0.0,0.45,12.4,1.8,0.5,1.4,0.25,3.0,0.606,0.2,0.645,7.3,2.2,0.6,1.6,0.265,3.9,0.57,0.2,0.601,8.2
203081,Damian Lillard,58,27,31,0.8,0.3,0.5,0.364,2.4,0.314,0.1,0.328,16.7,4.0,0.8,3.3,0.193,6.7,0.604,0.5,0.656,7.7,4.8,1.1,3.7,0.22,8.9,0.538,0.6,0.579,9.1
1627814,Damion Lee,66,35,31,0.6,0.2,0.4,0.333,1.4,0.419,0.0,0.429,10.0,2.8,0.5,2.3,0.167,4.4,0.639,0.4,0.702,7.2,3.4,0.7,2.7,0.196,5.7,0.603,0.4,0.652,7.7
201980,Danny Green,5,2,3,0.6,0.2,0.4,0.333,1.6,0.375,0.0,0.375,12.3,2.2,0.4,1.8,0.182,3.4,0.647,0.4,0.733,6.8,2.8,0.6,2.2,0.214,5.0,0.56,0.4,0.609,8.0
1627863,Danuel House Jr.,44,30,14,0.2,0.0,0.2,0.222,0.7,0.281,0.0,0.281,9.8,1.9,0.2,1.7,0.106,3.2,0.603,0.2,0.639,7.1,2.1,0.3,1.9,0.117,3.8,0.563,0.2,0.591,7.4
1629636,Darius Garland,64,37,27,0.4,0.1,0.3,0.321,1.7,0.255,0.0,0.262,14.3,2.5,0.3,2.1,0.121,4.2,0.59,0.3,0.643,10.7,2.9,0.4,2.4,0.151,5.8,0.495,0.4,0.53,11.2
1630561,David Duke Jr.,9,5,4,1.2,0.2,1.0,0.182,2.3,0.524,0.2,0.579,11.7,2.0,0.4,1.6,0.222,3.1,0.643,0.4,0.75,7.1,3.2,0.7,2.6,0.207,5.3,0.604,0.7,0.69,8.8
1630558,Davion Mitchell,56,36,20,0.3,0.1,0.2,0.188,0.8,0.364,0.0,0.381,16.2,1.6,0.3,1.3,0.157,2.5,0.636,0.2,0.701,8.8,1.9,0.3,1.6,0.162,3.3,0.577,0.3,0.629,9.9
1628432,Davon Reed,28,20,8,0.4,0.1,0.3,0.3,0.9,0.4,0.1,0.435,16.6,1.8,0.3,1.4,0.184,2.9,0.598,0.4,0.681,5.7,2.1,0.4,1.7,0.203,3.6,0.578,0.4,0.656,7.6
1628368,De'Aaron Fox,72,43,29,0.6,0.2,0.4,0.275,1.6,0.345,0.1,0.357,15.4,3.7,0.6,3.1,0.162,5.7,0.65,0.4,0.702,7.9,4.3,0.8,3.5,0.176,7.2,0.591,0.5,0.632,8.8
1629631,De'Andre Hunter,66,34,32,0.7,0.3,0.4,0.37,2.1,0.336,0.0,0.341,12.6,3.6,1.0,2.7,0.265,6.3,0.575,0.7,0.65,6.4,4.3,1.2,3.1,0.282,8.1,0.534,0.8,0.589,7.3
1629001,De'Anthony Melton,75,49,26,0.9,0.5,0.5,0.507,2.1,0.439,0.0,0.448,10.2,3.2,0.7,2.5,0.23,5.3,0.606,0.6,0.681,7.3,4.2,1.2,2.9,0.292,7.3,0.566,0.6,0.619,8.0
201942,DeMar DeRozan,71,36,35,0.5,0.2,0.3,0.353,1.8,0.26,0.1,0.281,11.7,4.2,0.7,3.5,0.177,6.8,0.622,0.6,0.683,8.2,4.7,0.9,3.8,0.195,8.3,0.564,0.7,0.62,8.6
1627749,Dejounte Murray,73,38,35,0.7,0.3,0.5,0.377,2.0,0.358,0.0,0.366,9.7,4.6,1.0,3.6,0.217,7.8,0.591,1.0,0.673,6.9,5.3,1.3,4.1,0.239,9.7,0.549,1.0,0.613,7.3
1626153,Delon Wright,46,24,22,1.3,0.7,0.6,0.534,2.2,0.58,0.0,0.586,8.6,2.7,0.3,2.4,0.115,4.3,0.613,0.4,0.67,9.4,3.9,1.0,3.0,0.25,6.4,0.608,0.4,0.647,9.1
203471,Dennis Schroder,60,34,26,0.4,0.1,0.3,0.143,1.2,0.292,0.0,0.3,17.4,2.4,0.2,2.2,0.083,4.0,0.595,0.4,0.667,10.5,2.8,0.3,2.5,0.091,5.2,0.534,0.5,0.587,11.4
1628372,Dennis Smith Jr.,51,17,34,0.5,0.2,0.3,0.444,1.7,0.314,0.0,0.321,12.9,2.7,0.5,2.3,0.164,5.1,0.543,0.8,0.639,7.8,3.3,0.7,2.6,0.21,6.6,0.497,0.8,0.566,8.6
1631220,Dereon Seabron,1,1,0,1.0,1.0,0.0,1.0,1.0,1.0,0.0,1.0,1.8,0.0,0.0,0.0,0.0,1.0,0.0,0.0,0.0,0.0,1.0,1.0,0.0,1.0,2.0,0.5,0.0,0.5,1.8
201565,Derrick Rose,18,6,12,0.4,0.2,0.3,0.375,0.9,0.471,0.0,0.471,9.5,1.8,0.3,1.5,0.156,2.8,0.627,0.1,0.64,10.7,2.2,0.4,1.8,0.2,3.8,0.588,0.1,0.597,10.4
1628401,Derrick White,77,53,24,0.7,0.3,0.4,0.442,1.5,0.441,0.1,0.473,8.9,3.1,0.7,2.4,0.22,5.5,0.572,0.6,0.638,7.8,3.8,1.0,2.8,0.259,6.9,0.55,0.7,0.608,8.0
1630217,Desmond Bane,57,38,19,0.8,0.2,0.5,0.302,2.4,0.321,0.1,0.331,14.5,4.4,1.0,3.3,0.238,6.9,0.631,0.6,0.687,6.6,5.1,1.3,3.8,0.247,9.0,0.568,0.6,0.611,7.8
1626164,Devin Booker,51,33,18,0.9,0.4,0.5,0.478,2.4,0.38,0.1,0.4,11.7,3.8,0.5,3.3,0.129,6.2,0.616,0.5,0.667,7.9,4.7,0.9,3.8,0.196,8.5,0.553,0.6,0.594,8.7
1630170,Devin Vassell,37,12,25,0.2,0.1,0.1,0.625,1.2,0.182,0.1,0.195,9.4,3.8,0.8,2.9,0.221,5.9,0.642,0.5,0.697,6.3,4.0,1.0,3.0,0.243,6.9,0.583,0.5,0.632,6.5
1629653,Devon Dotson,3,0,3,2.0,0.7,1.3,0.333,3.0,0.667,0.0,0.667,14.2,1.3,0.0,1.3,0.0,2.7,0.5,0.0,0.5,11.6,3.3,0.7,2.7,0.2,5.3,0.625,0.0,0.625,13.2
1628984,Devonte' Graham,57,26,31,0.3,0.0,0.3,0.105,0.7,0.475,0.1,0.514,17.9,1.8,0.3,1.5,0.165,2.9,0.617,0.3,0.687,9.1,2.1,0.3,1.8,0.156,3.6,0.595,0.4,0.659,10.5
1628415,Dillon Brooks,70,43,27,0.6,0.2,0.4,0.333,1.8,0.363,0.1,0.378,11.1,2.8,0.4,2.4,0.141,4.9,0.575,0.5,0.634,7.9,3.5,0.6,2.9,0.176,6.5,0.54,0.5,0.588,8.5
1628378,Donovan Mitchell,67,43,24,0.9,0.4,0.5,0.46,2.1,0.453,0.1,0.467,10.9,3.4,0.6,2.8,0.173,5.4,0.624,0.3,0.657,8.6,4.3,1.0,3.3,0.235,7.4,0.584,0.3,0.611,9.1
1631495,Donovan Williams,2,1,1,0.0,0.0,0.0,0.0,0.0,0.0,0.0,0.0,0.0,1.0,0.0,1.0,0.0,1.0,1.0,0.0,1.0,3.6,1.0,0.0,1.0,0.0,1.0,1.0,0.0,1.0,3.6
1628978,Donte DiVincenzo,66,38,28,1.2,0.6,0.5,0.532,2.3,0.507,0.1,0.52,9.9,3.7,0.4,3.3,0.1,6.2,0.594,0.6,0.657,6.9,4.8,1.0,3.8,0.204,8.3,0.578,0.7,0.627,7.6
1630696,Dru Smith,11,6,5,0.2,0.0,0.2,0.0,0.6,0.286,0.0,0.286,15.2,2.0,0.5,1.5,0.227,3.1,0.647,0.4,0.733,9.0,2.2,0.5,1.7,0.208,3.5,0.615,0.4,0.686,9.5
1630613,Duane Washington Jr.,20,10,10,0.1,0.1,0.1,0.5,1.0,0.1,0.0,0.1,17.3,1.7,0.1,1.7,0.029,2.2,0.791,0.0,0.791,9.9,1.8,0.1,1.7,0.056,3.1,0.59,0.0,0.59,10.3
1630700,Dyson Daniels,52,30,22,0.7,0.3,0.4,0.5,1.7,0.419,0.0,0.429,10.5,2.9,0.8,2.2,0.257,5.0,0.589,0.3,0.633,6.6,3.6,1.1,2.5,0.303,6.4,0.566,0.4,0.603,7.4
1628410,Edmond Sumner,39,26,13,0.3,0.1,0.2,0.385,1.1,0.31,0.1,0.333,10.1,1.7,0.2,1.5,0.136,2.9,0.574,0.2,0.617,8.7,2.0,0.4,1.7,0.177,4.0,0.503,0.3,0.541,8.9
201569,Eric Gordon,56,19,37,0.3,0.0,0.3,0.125,1.0,0.286,0.0,0.286,17.0,2.1,0.2,1.9,0.102,3.2,0.659,0.3,0.715,11.2,2.4,0.3,2.1,0.104,4.1,0.588,0.3,0.626,11.9
203095,Evan Fournier,23,12,11,0.2,0.0,0.1,0.25,0.4,0.444,0.0,0.444,7.2,2.0,0.3,1.7,0.133,3.1,0.625,0.3,0.692,9.4,2.1,0.3,1.8,0.143,3.5,0.613,0.3,0.671,9.2
1630267,Facundo Campazzo,1,0,1,0.0,0.0,0.0,0.0,3.0,0.0,0.0,0.0,0.0,2.0,0.0,2.0,0.0,2.0,1.0,0.0,1.0,13.1,2.0,0.0,2.0,0.0,4.0,0.5,0.0,0.5,13.1
1628402,Frank Jackson,1,0,1,1.0,1.0,0.0,1.0,3.0,0.333,0.0,0.333,2.4,1.0,0.0,1.0,0.0,2.0,0.5,0.0,0.5,40.0,2.0,1.0,1.0,0.5,5.0,0.4,0.0,0.4,21.2
1628373,Frank Ntilikina,32,13,19,0.2,0.1,0.1,0.429,0.7,0.333,0.0,0.35,11.0,1.7,0.3,1.5,0.145,3.0,0.579,0.3,0.64,8.6,1.9,0.3,1.6,0.177,3.4,0.569,0.3,0.626,8.9
1627832,Fred VanVleet,67,33,34,0.4,0.1,0.4,0.2,1.7,0.263,0.1,0.28,15.1,3.7,0.7,3.0,0.184,6.2,0.601,0.7,0.674,9.4,4.2,0.8,3.4,0.186,7.9,0.531,0.8,0.589,10.0
1627788,Furkan Korkmaz,21,14,7,0.3,0.1,0.2,0.333,0.7,0.4,0.0,0.4,16.7,1.7,0.3,1.4,0.167,2.6,0.667,0.2,0.735,8.6,2.0,0.4,1.6,0.19,3.3,0.609,0.2,0.656,9.8
1629216,Gabe Vincent,60,34,26,0.5,0.1,0.3,0.296,1.0,0.466,0.0,0.466,16.3,2.0,0.3,1.6,0.169,3.3,0.59,0.3,0.641,10.6,2.4,0.5,2.0,0.193,4.2,0.571,0.3,0.609,11.7
1628221,Gabe York,2,0,2,0.0,0.0,0.0,0.0,1.0,0.0,0.0,0.0,0.0,3.0,0.5,2.5,0.167,3.5,0.857,0.0,0.857,8.2,3.0,0.5,2.5,0.167,4.0,0.75,0.0,0.75,8.2
202066,Garrett Temple,12,6,6,0.4,0.2,0.3,0.4,0.8,0.5,0.0,0.5,11.0,1.0,0.3,0.7,0.333,1.7,0.6,0.2,0.667,7.8,1.4,0.5,0.9,0.353,2.5,0.567,0.2,0.607,8.7
1629726,Garrison Mathews,40,11,29,0.3,0.1,0.2,0.455,0.9,0.324,0.1,0.355,13.7,1.6,0.2,1.4,0.113,2.7,0.569,0.3,0.646,8.1,1.8,0.3,1.5,0.164,3.5,0.529,0.4,0.598,8.9
203914,Gary Harris,41,18,23,0.5,0.2,0.3,0.333,1.3,0.404,0.1,0.429,13.0,1.9,0.4,1.5,0.195,2.9,0.658,0.2,0.706,12.0,2.4,0.5,1.9,0.224,4.0,0.59,0.3,0.632,12.2
1627780,Gary Payton II,21,13,8,1.1,0.7,0.4,0.625,2.3,0.49,0.1,0.511,6.2,2.1,0.6,1.6,0.267,3.7,0.584,0.3,0.634,5.7,3.3,1.3,2.0,0.391,6.0,0.552,0.4,0.59,5.8
1629018,Gary Trent Jr.,62,29,33,0.5,0.1,0.4,0.267,1.1,0.441,0.1,0.469,15.4,2.3,0.4,1.9,0.161,3.4,0.671,0.2,0.722,8.9,2.8,0.5,2.3,0.179,4.5,0.616,0.3,0.66,10.1
201588,George Hill,37,22,15,0.4,0.1,0.3,0.333,1.3,0.306,0.1,0.326,12.4,1.9,0.4,1.5,0.2,3.3,0.574,0.2,0.609,9.6,2.3,0.5,1.8,0.224,4.5,0.506,0.3,0.538,10.1
201609,Goran Dragic,36,15,21,0.4,0.1,0.3,0.25,0.9,0.471,0.1,0.5,14.5,1.8,0.3,1.5,0.143,3.1,0.568,0.3,0.618,8.8,2.2,0.4,1.8,0.165,4.0,0.549,0.3,0.594,10.0
1628960,Grayson Allen,69,51,18,0.9,0.3,0.6,0.311,2.0,0.442,0.1,0.473,13.0,2.6,0.3,2.2,0.136,4.6,0.553,0.5,0.615,8.3,3.4,0.6,2.8,0.181,6.4,0.534,0.6,0.588,9.5
1628977,Hamidou Diallo,52,12,40,1.1,0.6,0.5,0.571,2.0,0.549,0.0,0.56,8.2,2.6,0.6,1.9,0.231,4.0,0.641,0.2,0.677,6.1,3.7,1.2,2.4,0.332,5.8,0.629,0.3,0.657,6.7
1630193,Immanuel Quickley,81,47,34,0.7,0.1,0.6,0.155,1.5,0.475,0.0,0.487,15.7,3.4,0.4,3.0,0.111,5.5,0.63,0.5,0.689,8.2,4.2,0.5,3.6,0.119,6.9,0.603,0.5,0.651,9.5
1630171,Isaac Okoro,63,40,23,0.8,0.4,0.4,0.462,1.9,0.433,0.0,0.444,9.4,2.1,0.5,1.7,0.215,4.0,0.531,0.4,0.584,9.5,3.0,0.8,2.1,0.283,5.8,0.51,0.4,0.548,9.5
1630198,Isaiah Joe,60,30,30,0.5,0.2,0.3,0.407,1.1,0.403,0.1,0.422,11.3,2.5,0.3,2.2,0.122,4.4,0.563,0.6,0.652,7.1,2.9,0.5,2.4,0.166,5.4,0.543,0.7,0.618,7.8
202397,Ish Smith,25,12,13,0.2,0.0,0.2,0.2,0.6,0.313,0.1,0.357,12.8,2.0,0.5,1.5,0.245,3.2,0.613,0.4,0.69,6.5,2.2,0.5,1.6,0.241,3.8,0.563,0.4,0.635,7.0
1631120,JD Davison,5,5,0,0.4,0.0,0.4,0.0,0.4,1.0,0.0,1.0,15.7,1.4,0.0,1.4,0.0,2.0,0.7,0.2,0.778,6.9,1.8,0.0,1.8,0.0,2.4,0.75,0.2,0.818,8.9
1629630,Ja Morant,61,40,21,1.0,0.6,0.4,0.59,3.2,0.316,0.1,0.326,8.5,4.9,0.7,4.1,0.149,7.9,0.613,0.7,0.671,7.6,5.9,1.3,4.6,0.224,10.9,0.537,0.8,0.579,7.8
1631367,Jacob Gilyard,1,0,1,0.0,0.0,0.0,0.0,1.0,0.0,1.0,0.0,0.0,4.0,0.0,4.0,0.0,7.0,0.571,0.0,0.571,12.2,4.0,0.0,4.0,0.0,8.0,0.5,1.0,0.571,12.2
1630702,Jaden Hardy,35,13,22,0.3,0.0,0.3,0.0,1.3,0.25,0.1,0.275,13.9,2.2,0.5,1.7,0.231,3.6,0.614,0.3,0.661,7.9,2.5,0.5,2.0,0.202,4.8,0.53,0.4,0.574,8.6
1631093,Jaden Ivey,72,16,56,1.0,0.4,0.7,0.356,2.7,0.372,0.2,0.397,11.4,2.9,0.4,2.6,0.127,5.4,0.541,0.7,0.624,7.8,4.0,0.7,3.2,0.186,8.1,0.488,0.9,0.548,8.7
1630531,Jaden Springer,9,8,1,0.7,0.3,0.3,0.5,1.3,0.5,0.0,0.5,4.9,0.9,0.2,0.7,0.25,1.9,0.471,0.0,0.471,6.6,1.6,0.6,1.0,0.357,3.1,0.5,0.0,0.5,5.9
1628973,Jalen Brunson,66,39,27,0.6,0.1,0.5,0.225,1.5,0.404,0.1,0.421,12.2,3.0,0.5,2.5,0.164,5.2,0.581,0.4,0.632,9.3,3.7,0.6,3.0,0.174,6.7,0.544,0.5,0.586,9.8
1630224,Jalen Green,73,19,54,0.6,0.2,0.4,0.372,2.0,0.291,0.1,0.303,11.3,3.3,0.6,2.7,0.183,5.4,0.613,0.4,0.658,7.0,3.9,0.8,3.1,0.211,7.4,0.527,0.5,0.561,7.6
1630591,Jalen Suggs,48,19,29,1.1,0.7,0.5,0.582,2.5,0.455,0.1,0.474,8.4,2.2,0.3,1.9,0.142,4.0,0.546,0.4,0.606,8.5,3.4,1.0,2.4,0.292,6.5,0.518,0.5,0.561,8.5
1631114,Jalen Williams,69,35,34,1.2,0.6,0.6,0.464,3.1,0.394,0.1,0.41,8.6,3.7,0.7,3.0,0.182,6.0,0.613,0.5,0.668,7.5,4.9,1.2,3.6,0.252,8.7,0.563,0.6,0.605,7.7
1627750,Jamal Murray,64,43,21,0.8,0.2,0.5,0.313,1.6,0.462,0.0,0.475,11.3,3.3,0.5,2.8,0.148,5.2,0.628,0.5,0.688,8.2,4.0,0.7,3.3,0.179,6.7,0.599,0.5,0.647,8.8
1631123,Jamaree Bouyea,3,0,3,0.3,0.0,0.3,0.0,0.3,1.0,0.0,1.0,20.8,1.7,0.3,1.3,0.2,3.3,0.5,0.3,0.556,7.7,2.0,0.3,1.7,0.167,3.7,0.545,0.3,0.6,9.9
1630547,James Bouknight,28,7,21,0.3,0.2,0.1,0.625,0.9,0.333,0.1,0.364,10.8,2.3,0.5,1.6,0.219,3.5,0.653,0.2,0.688,7.2,2.6,0.7,1.8,0.264,4.4,0.59,0.3,0.626,8.0
201935,James Harden,58,39,19,0.7,0.3,0.3,0.5,2.6,0.268,0.1,0.278,9.4,5.4,0.8,4.6,0.143,8.0,0.674,0.5,0.722,6.4,6.1,1.1,5.0,0.184,9.9,0.618,0.6,0.659,6.7
1630215,Jared Butler,2,2,0,0.5,0.0,0.5,0.0,1.5,0.333,0.0,0.333,6.9,1.5,0.5,1.0,0.333,3.5,0.429,0.0,0.429,10.9,2.0,0.5,1.5,0.25,5.0,0.4,0.0,0.4,9.9
1631197,Jared Rhoden,11,1,10,1.0,0.6,0.4,0.636,1.9,0.524,0.1,0.55,7.4,2.4,0.5,1.9,0.192,3.4,0.703,0.2,0.743,6.1,3.4,1.1,2.3,0.324,5.2,0.649,0.3,0.685,6.5
1629633,Jarrett Culver,8,3,5,1.3,1.0,0.3,0.8,3.1,0.4,0.0,0.4,4.3,3.5,0.8,2.8,0.214,4.4,0.8,0.1,0.824,6.4,4.8,1.8,3.0,0.368,6.8,0.704,0.1,0.717,5.8
1630554,Jason Preston,9,1,8,0.2,0.0,0.2,0.0,0.7,0.333,0.0,0.333,13.1,2.2,0.4,1.8,0.2,3.3,0.667,0.1,0.69,7.3,2.4,0.4,2.0,0.182,3.9,0.629,0.1,0.647,7.8
1629750,Javonte Green,30,12,18,0.9,0.6,0.3,0.704,2.2,0.409,0.0,0.415,7.2,2.0,0.7,1.3,0.344,3.6,0.57,0.5,0.663,5.7,2.9,1.3,1.6,0.455,5.6,0.524,0.5,0.579,6.2
1630206,Jay Scrubb,2,1,1,0.0,0.0,0.0,0.0,0.5,0.0,0.0,0.0,0.0,3.0,0.5,2.5,0.167,3.0,1.0,0.0,1.0,5.4,3.0,0.5,2.5,0.167,3.5,0.857,0.0,0.857,5.4
1627759,Jaylen Brown,67,46,21,1.2,0.5,0.6,0.462,3.3,0.358,0.1,0.368,9.3,5.7,0.9,4.8,0.152,8.9,0.637,0.9,0.711,6.6,6.9,1.4,5.4,0.205,11.6,0.591,1.0,0.648,7.1
1629669,Jaylen Nowell,59,32,27,0.6,0.3,0.4,0.417,1.4,0.434,0.0,0.444,11.1,2.3,0.3,1.9,0.142,3.6,0.635,0.3,0.687,8.9,2.9,0.6,2.3,0.2,4.9,0.586,0.3,0.625,9.3
1628369,Jayson Tatum,74,52,22,1.1,0.5,0.6,0.474,2.7,0.388,0.1,0.402,9.4,7.7,1.1,6.6,0.14,10.5,0.732,0.7,0.781,5.8,8.8,1.6,7.2,0.18,12.7,0.691,0.8,0.735,6.2
1631466,Jeenathan Williams,4,1,3,2.0,1.5,0.5,0.75,4.0,0.5,0.5,0.571,3.8,0.8,0.3,0.5,0.333,2.0,0.375,0.0,0.375,4.3,2.8,1.8,1.0,0.636,6.0,0.458,0.5,0.5,3.9
1630288,Jeff Dowtin Jr.,13,9,4,0.5,0.1,0.4,0.167,0.9,0.5,0.1,0.545,15.4,1.3,0.3,1.0,0.235,1.5,0.85,0.1,0.895,11.9,1.8,0.4,1.4,0.217,2.4,0.742,0.2,0.793,12.8
1628975,Jevon Carter,74,52,22,0.5,0.1,0.3,0.286,1.3,0.357,0.1,0.372,13.4,2.3,0.2,2.1,0.084,3.5,0.652,0.2,0.693,10.8,2.7,0.3,2.4,0.119,4.6,0.589,0.3,0.623,11.2
203925,Joe Harris,62,33,29,0.4,0.1,0.2,0.348,0.9,0.418,0.0,0.442,15.1,2.3,0.5,1.7,0.227,4.1,0.549,0.4,0.605,7.8,2.6,0.6,2.0,0.244,4.9,0.541,0.4,0.594,8.8
204060,Joe Ingles,43,32,11,0.3,0.1,0.2,0.231,0.7,0.464,0.0,0.5,16.1,2.7,0.3,2.3,0.122,3.8,0.697,0.3,0.752,7.1,3.0,0.4,2.6,0.133,4.4,0.67,0.3,0.723,8.0
1630580,Joe Wieskamp,3,2,1,0.0,0.0,0.0,0.0,1.0,0.0,0.3,0.0,0.0,1.3,0.0,1.3,0.0,1.3,1.0,0.0,1.0,3.4,1.3,0.0,1.3,0.0,2.0,0.667,0.3,0.8,3.4
1629723,John Konchar,70,44,26,0.9,0.5,0.4,0.5,2.3,0.395,0.1,0.413,9.1,3.5,0.8,2.7,0.236,5.3,0.667,0.4,0.715,6.1,4.4,1.3,3.1,0.29,7.1,0.622,0.5,0.665,6.7
202322,John Wall,30,15,15,0.5,0.2,0.2,0.5,1.3,0.368,0.0,0.378,16.9,2.6,0.3,2.3,0.115,4.3,0.609,0.4,0.672,8.2,3.1,0.5,2.5,0.174,5.5,0.558,0.4,0.605,9.6
1631098,Johnny Davis,17,6,11,0.6,0.1,0.4,0.2,1.8,0.323,0.0,0.323,10.0,3.2,0.5,2.6,0.164,4.8,0.679,0.4,0.743,7.6,3.8,0.6,3.1,0.169,6.4,0.602,0.4,0.644,7.9
1630548,Johnny Juzang,15,6,9,0.5,0.2,0.3,0.375,1.5,0.364,0.0,0.364,7.8,2.1,0.4,1.7,0.194,2.7,0.756,0.1,0.775,7.7,2.6,0.6,2.0,0.231,4.0,0.65,0.1,0.661,7.8
203903,Jordan Clarkson,59,29,30,1.2,0.6,0.6,0.472,2.7,0.456,0.1,0.465,8.4,2.9,0.4,2.5,0.144,5.1,0.578,0.4,0.626,8.1,4.2,1.0,3.1,0.24,7.6,0.548,0.4,0.582,8.2
1630692,Jordan Goodwin,55,20,35,1.0,0.7,0.3,0.667,2.3,0.46,0.1,0.479,6.4,2.7,0.5,2.2,0.182,4.2,0.643,0.4,0.708,6.9,3.7,1.2,2.5,0.317,6.3,0.594,0.5,0.643,6.8
1631160,Jordan Hall,5,0,5,0.6,0.2,0.4,0.333,1.0,0.6,0.0,0.6,11.7,1.8,0.4,1.4,0.222,2.6,0.692,0.0,0.692,12.4,2.4,0.6,1.8,0.25,3.6,0.667,0.0,0.667,12.2
1629162,Jordan McLaughlin,30,14,16,0.5,0.2,0.3,0.333,1.0,0.484,0.0,0.484,14.2,1.5,0.2,1.3,0.156,2.7,0.549,0.2,0.6,9.7,2.0,0.4,1.6,0.2,3.6,0.55,0.2,0.588,10.8
1629673,Jordan Poole,77,41,36,0.4,0.2,0.2,0.452,1.5,0.263,0.1,0.272,13.1,2.5,0.4,2.1,0.147,3.9,0.639,0.3,0.7,9.6,2.9,0.5,2.4,0.189,5.4,0.538,0.4,0.58,10.2
1630631,Jose Alvarado,57,29,28,0.5,0.2,0.3,0.321,1.4,0.35,0.1,0.373,10.3,2.0,0.4,1.5,0.221,3.5,0.571,0.4,0.646,9.2,2.5,0.6,1.9,0.241,4.8,0.515,0.5,0.573,9.4
1630528,Josh Christopher,43,11,32,0.5,0.2,0.3,0.4,1.2,0.392,0.0,0.408,11.1,1.2,0.2,1.0,0.157,1.8,0.646,0.1,0.699,8.7,1.7,0.4,1.3,0.225,3.0,0.559,0.2,0.597,9.4
1630581,Josh Giddey,76,34,42,1.9,1.1,0.8,0.561,4.6,0.428,0.2,0.448,6.8,5.9,1.1,4.8,0.186,9.0,0.661,0.5,0.702,6.0,7.9,2.2,5.7,0.279,12.9,0.611,0.7,0.648,6.2
1630182,Josh Green,57,26,31,1.0,0.2,0.7,0.255,2.1,0.466,0.0,0.474,10.5,2.2,0.4,1.8,0.189,4.0,0.555,0.4,0.617,7.6,3.2,0.7,2.5,0.209,6.0,0.529,0.4,0.571,8.5
1628404,Josh Hart,76,42,34,1.9,1.1,0.8,0.563,4.0,0.464,0.2,0.485,10.0,5.9,1.3,4.6,0.226,9.4,0.633,0.9,0.698,6.1,7.8,2.4,5.4,0.307,13.0,0.602,1.0,0.655,7.1
1629006,Josh Okogie,67,34,33,1.6,1.0,0.6,0.615,3.1,0.524,0.0,0.532,7.2,2.1,0.7,1.4,0.317,3.7,0.577,0.4,0.645,7.1,3.7,1.7,2.1,0.446,6.6,0.567,0.4,0.606,7.1
1626196,Josh Richardson,61,23,38,0.7,0.3,0.4,0.45,1.3,0.488,0.0,0.506,11.1,2.2,0.3,1.9,0.144,4.0,0.541,0.4,0.606,7.3,2.8,0.6,2.2,0.215,5.2,0.541,0.5,0.595,8.2
1630563,Joshua Primo,4,3,1,0.5,0.3,0.3,0.5,2.5,0.2,0.3,0.222,14.1,2.8,0.0,2.8,0.0,5.5,0.5,0.8,0.579,11.4,3.3,0.3,3.0,0.077,8.0,0.406,1.0,0.464,11.8
201950,Jrue Holiday,65,48,17,1.2,0.7,0.5,0.551,3.1,0.384,0.1,0.4,8.4,4.0,0.6,3.4,0.161,6.2,0.648,0.5,0.7,8.4,5.2,1.3,3.9,0.251,9.1,0.573,0.6,0.612,8.4
1630551,Justin Champagnie,4,3,1,0.8,0.5,0.3,0.667,1.8,0.429,0.0,0.429,7.8,1.3,0.5,0.8,0.4,1.8,0.714,0.3,0.833,5.8,2.0,1.0,1.0,0.5,3.5,0.571,0.3,0.615,6.5
203200,Justin Holiday,29,13,16,0.2,0.1,0.1,0.4,0.7,0.263,0.0,0.278,10.6,1.7,0.5,1.2,0.28,2.9,0.588,0.2,0.633,7.9,1.9,0.6,1.3,0.291,3.4,0.556,0.2,0.598,8.1
1626159,Justise Winslow,28,15,13,1.8,1.2,0.6,0.673,3.7,0.471,0.2,0.5,5.3,3.4,0.9,2.6,0.25,6.5,0.527,0.7,0.589,5.8,5.2,2.0,3.1,0.393,10.0,0.518,0.9,0.569,5.7
1629644,KZ Okpala,17,7,10,0.4,0.1,0.3,0.286,0.9,0.467,0.1,0.5,8.0,1.6,0.5,1.1,0.333,2.8,0.563,0.3,0.628,6.9,2.0,0.6,1.4,0.324,3.7,0.54,0.4,0.596,7.2
1629640,Keldon Johnson,60,15,45,0.9,0.5,0.5,0.509,2.9,0.314,0.2,0.331,8.6,4.3,0.7,3.6,0.16,6.8,0.632,0.6,0.694,5.7,5.2,1.2,4.1,0.222,9.1,0.569,0.8,0.62,6.2
1626162,Kelly Oubre Jr.,48,16,32,1.4,0.7,0.7,0.492,2.8,0.481,0.1,0.496,9.1,3.8,0.9,3.0,0.228,6.2,0.622,0.5,0.672,7.1,5.2,1.5,3.7,0.297,8.9,0.582,0.5,0.619,7.6
202689,Kemba Walker,5,2,3,0.6,0.2,0.4,0.333,1.4,0.429,0.0,0.429,18.5,2.6,0.6,2.0,0.231,4.8,0.542,0.4,0.591,5.8,3.2,0.8,2.4,0.25,6.2,0.516,0.4,0.552,8.2
1631112,Kendall Brown,2,1,1,1.0,0.0,1.0,0.0,1.5,0.667,0.0,0.667,11.3,2.0,1.5,0.5,0.75,4.0,0.5,1.5,0.8,9.6,3.0,1.5,1.5,0.5,5.5,0.545,1.5,0.75,10.1
1629134,Kendrick Nunn,51,24,27,0.3,0.1,0.2,0.333,0.9,0.326,0.0,0.333,11.8,1.8,0.2,1.6,0.128,2.7,0.671,0.1,0.707,9.0,2.1,0.3,1.8,0.156,3.6,0.592,0.2,0.619,9.4
1631113,Kennedy Chandler,22,14,8,0.4,0.2,0.2,0.556,0.7,0.563,0.0,0.6,7.4,1.3,0.2,1.1,0.172,2.3,0.58,0.2,0.63,7.4,1.7,0.5,1.3,0.263,3.0,0.576,0.2,0.623,7.4
1629026,Kenrich Williams,53,26,27,1.8,1.1,0.7,0.608,4.0,0.462,0.1,0.473,6.5,3.1,1.0,2.1,0.311,5.3,0.58,0.6,0.651,5.7,4.9,2.1,2.8,0.421,8.9,0.551,0.7,0.596,6.0
203484,Kentavious Caldwell-Pope,70,47,23,0.5,0.2,0.3,0.343,1.1,0.455,0.0,0.473,12.3,2.5,0.4,2.1,0.168,4.2,0.592,0.3,0.634,9.1,3.0,0.6,2.4,0.197,5.3,0.565,0.3,0.601,9.6
1631165,Keon Ellis,5,2,3,0.8,0.2,0.6,0.25,1.2,0.667,0.0,0.667,12.9,0.8,0.0,0.8,0.0,1.4,0.571,0.0,0.571,6.9,1.6,0.2,1.4,0.125,2.4,0.667,0.0,0.667,9.9
1630553,Keon Johnson,21,7,14,0.5,0.3,0.2,0.545,1.5,0.355,0.1,0.379,10.9,1.6,0.4,1.2,0.242,2.3,0.688,0.1,0.733,10.7,2.1,0.7,1.4,0.318,3.7,0.571,0.2,0.611,10.7
1628989,Kevin Huerter,68,40,28,0.6,0.3,0.3,0.452,1.5,0.408,0.0,0.416,12.1,3.1,0.4,2.7,0.134,4.8,0.645,0.4,0.711,7.6,3.7,0.7,3.0,0.187,6.1,0.6,0.5,0.65,8.4
1629645,Kevin Porter Jr.,58,18,40,1.3,0.5,0.8,0.382,2.9,0.452,0.1,0.469,10.7,4.1,0.8,3.3,0.197,6.2,0.665,0.4,0.706,7.5,5.4,1.3,4.1,0.242,8.9,0.606,0.5,0.64,8.3
1630284,Kevon Harris,29,10,19,1.0,0.6,0.3,0.643,2.2,0.431,0.0,0.431,7.4,1.4,0.3,1.1,0.214,2.9,0.5,0.2,0.538,8.4,2.4,0.9,1.5,0.386,5.1,0.476,0.2,0.496,8.0
1630165,Killian Hayes,71,15,56,0.4,0.1,0.3,0.321,1.0,0.394,0.0,0.4,15.5,2.7,0.4,2.3,0.156,4.9,0.553,0.5,0.611,8.2,3.1,0.5,2.5,0.177,5.8,0.534,0.5,0.582,9.1
1630184,Kira Lewis Jr.,17,7,10,0.3,0.1,0.2,0.2,0.6,0.5,0.0,0.5,9.4,1.6,0.1,1.6,0.036,2.5,0.667,0.1,0.7,9.5,1.9,0.1,1.8,0.061,3.1,0.635,0.1,0.66,9.5
202691,Klay Thompson,66,36,30,0.6,0.2,0.4,0.359,1.5,0.394,0.0,0.402,12.3,3.7,0.6,3.1,0.168,6.1,0.604,0.5,0.658,7.8,4.3,0.8,3.5,0.194,7.3,0.586,0.5,0.632,8.5
1628424,Kobi Simmons,3,1,2,0.3,0.3,0.0,1.0,0.7,0.5,0.0,0.5,9.2,1.0,0.3,0.7,0.333,1.3,0.75,0.0,0.75,10.7,1.3,0.7,0.7,0.5,1.7,0.8,0.0,0.8,10.3
1627739,Kris Dunn,22,8,14,0.4,0.2,0.2,0.444,1.1,0.375,0.0,0.391,16.4,4.1,0.9,3.2,0.22,6.4,0.65,0.5,0.711,6.6,4.5,1.1,3.5,0.24,7.4,0.617,0.6,0.671,7.5
203937,Kyle Anderson,64,35,29,1.0,0.5,0.5,0.492,2.5,0.399,0.0,0.404,8.5,4.7,1.0,3.7,0.223,7.2,0.656,0.4,0.69,6.7,5.7,1.5,4.2,0.27,9.1,0.626,0.4,0.654,7.0
200768,Kyle Lowry,55,30,25,0.8,0.3,0.5,0.372,2.3,0.336,0.1,0.352,10.1,3.3,0.5,2.8,0.165,7.0,0.474,0.9,0.545,7.8,4.1,0.8,3.3,0.204,9.2,0.443,1.0,0.498,8.3
202681,Kyrie Irving,60,32,28,1.0,0.5,0.5,0.458,2.4,0.41,0.1,0.424,10.1,4.1,0.7,3.4,0.176,6.5,0.627,0.5,0.673,8.2,5.1,1.2,3.9,0.23,8.7,0.583,0.5,0.622,8.5
1630163,LaMelo Ball,36,13,23,1.2,0.7,0.5,0.595,2.6,0.442,0.1,0.457,8.1,5.3,0.8,4.4,0.153,7.9,0.663,0.4,0.703,7.3,6.4,1.5,4.9,0.234,10.5,0.609,0.5,0.642,7.5
1629013,Landry Shamet,30,12,18,0.4,0.1,0.2,0.364,1.0,0.379,0.0,0.379,13.1,1.9,0.4,1.4,0.232,3.2,0.583,0.2,0.629,9.1,2.2,0.6,1.7,0.254,4.0,0.554,0.2,0.588,9.7
1631311,Lester Quinones,3,3,0,0.3,0.0,0.3,0.0,0.7,0.5,0.0,0.5,5.7,0.7,0.3,0.3,0.5,1.7,0.4,0.3,0.5,11.1,1.0,0.3,0.7,0.333,2.3,0.429,0.3,0.5,9.3
1629623,Lindell Wigginton,3,1,2,0.0,0.0,0.0,0.0,0.7,0.0,0.0,0.0,0.0,2.3,0.7,1.7,0.286,4.7,0.5,0.7,0.583,8.5,2.3,0.7,1.7,0.286,5.3,0.438,0.7,0.5,8.5
1629022,Lonnie Walker IV,46,21,25,0.3,0.1,0.2,0.357,0.7,0.424,0.0,0.424,11.9,2.1,0.3,1.7,0.158,3.1,0.664,0.2,0.699,10.0,2.4,0.4,1.9,0.183,3.8,0.623,0.2,0.649,10.2
1629652,Luguentz Dort,72,35,37,1.8,1.0,0.8,0.578,4.0,0.44,0.2,0.46,7.5,3.0,0.8,2.2,0.255,5.2,0.573,0.4,0.624,7.4,4.8,1.8,3.0,0.375,9.2,0.521,0.6,0.558,7.4
1629029,Luka Doncic,66,33,33,0.8,0.4,0.4,0.537,2.9,0.284,0.1,0.29,11.6,7.8,1.8,6.0,0.229,11.4,0.686,0.7,0.733,5.1,8.6,2.2,6.4,0.258,13.4,0.642,0.8,0.682,5.8
1628379,Luke Kennard,52,32,20,0.3,0.1,0.2,0.267,0.6,0.484,0.0,0.5,16.0,2.8,0.4,2.4,0.133,4.5,0.609,0.3,0.644,7.8,3.0,0.4,2.6,0.146,5.1,0.596,0.3,0.629,8.6
1630644,Mac McClung,2,2,0,1.5,1.0,0.5,0.667,2.0,0.75,0.0,0.75,11.5,3.5,0.0,3.5,0.0,4.0,0.875,0.0,0.875,5.7,5.0,1.0,4.0,0.2,6.0,0.833,0.0,0.833,7.4
1630201,Malachi Flynn,35,18,17,0.4,0.1,0.3,0.333,0.9,0.484,0.1,0.517,16.0,1.7,0.1,1.6,0.082,2.6,0.663,0.3,0.744,9.3,2.2,0.3,1.9,0.132,3.5,0.628,0.3,0.697,10.7
1627763,Malcolm Brogdon,67,46,21,0.6,0.3,0.3,0.476,1.8,0.347,0.1,0.368,10.4,3.6,0.8,2.7,0.235,5.9,0.603,0.6,0.67,7.4,4.2,1.1,3.0,0.271,7.6,0.55,0.7,0.606,7.9
1627736,Malik Beasley,77,44,33,0.5,0.1,0.4,0.257,1.0,0.461,0.0,0.461,16.7,3.2,0.5,2.7,0.153,5.1,0.634,0.5,0.699,7.2,3.7,0.6,3.1,0.166,5.9,0.622,0.5,0.675,8.4
1628370,Malik Monk,73,46,27,0.4,0.1,0.3,0.281,1.1,0.386,0.1,0.416,15.5,2.3,0.3,2.0,0.14,3.5,0.676,0.2,0.713,8.0,2.8,0.5,2.3,0.163,4.6,0.61,0.3,0.646,9.2
203935,Marcus Smart,57,40,17,0.8,0.3,0.5,0.348,1.9,0.426,0.1,0.451,10.7,2.5,0.6,1.9,0.255,5.0,0.505,0.7,0.585,9.8,3.4,0.9,2.4,0.277,6.8,0.495,0.8,0.56,10.0
1628365,Markelle Fultz,60,29,31,1.2,0.7,0.5,0.565,2.8,0.411,0.1,0.423,7.1,2.8,0.4,2.3,0.158,5.0,0.546,0.5,0.609,7.8,3.9,1.1,2.8,0.278,7.8,0.502,0.6,0.544,7.6
1629680,Matisse Thybulle,52,28,24,0.8,0.3,0.5,0.375,1.3,0.571,0.0,0.571,9.6,1.9,0.4,1.6,0.19,3.1,0.629,0.2,0.667,8.4,2.7,0.7,2.0,0.243,4.2,0.648,0.2,0.676,8.8
203521,Matthew Dellavedova,10,8,2,0.1,0.1,0.0,1.0,0.5,0.2,0.0,0.2,1.5,1.2,0.2,1.0,0.167,1.7,0.706,0.3,0.857,10.2,1.3,0.3,1.0,0.231,2.2,0.591,0.3,0.684,9.5
1631108,Max Christie,28,12,16,0.3,0.2,0.1,0.714,0.9,0.28,0.0,0.292,11.2,2.4,0.3,2.1,0.132,3.6,0.673,0.1,0.701,6.0,2.7,0.5,2.2,0.187,4.3,0.62,0.2,0.647,6.5
1629622,Max Strus,72,38,34,0.7,0.3,0.3,0.49,1.7,0.405,0.0,0.408,10.0,2.9,0.7,2.2,0.23,5.0,0.582,0.6,0.655,8.0,3.6,1.0,2.6,0.279,6.4,0.558,0.6,0.613,8.4
1630593,McKinley Wright IV,18,9,9,0.5,0.2,0.3,0.444,1.1,0.474,0.0,0.474,11.6,2.1,0.3,1.8,0.132,3.7,0.576,0.2,0.613,6.6,2.6,0.5,2.1,0.191,4.7,0.553,0.2,0.58,7.6
203487,Michael Carter-Williams,1,0,1,1.0,1.0,0.0,1.0,1.0,1.0,0.0,1.0,7.1,4.0,1.0,3.0,0.25,5.0,0.8,1.0,1.0,8.2,5.0,2.0,3.0,0.4,6.0,0.833,1.0,1.0,8.0
1628969,Mikal Bridges,25,11,14,0.9,0.2,0.7,0.217,2.4,0.383,0.1,0.397,14.2,3.9,0.7,3.2,0.184,6.4,0.609,0.6,0.676,7.5,4.8,0.9,3.9,0.19,8.6,0.565,0.7,0.617,8.8
201144,Mike Conley,61,30,31,0.5,0.1,0.4,0.182,1.3,0.407,0.1,0.429,16.8,2.4,0.4,2.0,0.176,4.3,0.558,0.4,0.609,8.8,3.0,0.5,2.4,0.177,5.6,0.528,0.4,0.571,10.2
1630540,Miles McBride,31,17,14,0.4,0.1,0.3,0.231,1.0,0.406,0.0,0.406,13.6,1.2,0.2,1.0,0.162,2.4,0.507,0.4,0.607,9.9,1.6,0.3,1.3,0.18,3.4,0.476,0.4,0.538,10.9
1628420,Monte Morris,60,28,32,0.4,0.2,0.3,0.385,0.9,0.481,0.0,0.491,14.0,3.1,0.3,2.8,0.098,4.9,0.628,0.5,0.694,9.0,3.5,0.5,3.0,0.133,5.7,0.614,0.5,0.671,9.6
1630541,Moses Moody,47,24,23,0.6,0.3,0.3,0.444,1.3,0.443,0.0,0.45,9.8,1.6,0.4,1.2,0.25,3.1,0.528,0.3,0.58,6.6,2.2,0.7,1.5,0.301,4.2,0.526,0.3,0.566,7.5
1629642,Nassir Little,51,21,30,0.5,0.2,0.3,0.37,1.6,0.329,0.1,0.351,8.9,2.2,0.4,1.8,0.184,4.4,0.509,0.6,0.585,5.4,2.8,0.6,2.2,0.22,5.8,0.478,0.7,0.54,6.1
1629638,Nickeil Alexander-Walker,43,21,22,0.3,0.1,0.2,0.286,1.0,0.341,0.0,0.341,12.0,2.0,0.4,1.6,0.198,3.5,0.57,0.3,0.623,7.5,2.3,0.5,1.8,0.21,4.4,0.532,0.3,0.571,8.1
201587,Nicolas Batum,75,43,32,0.8,0.4,0.4,0.468,1.8,0.466,0.1,0.504,11.5,3.2,0.9,2.2,0.287,4.9,0.639,0.4,0.701,5.8,4.0,1.3,2.7,0.324,6.3,0.631,0.6,0.694,7.0
1626181,Norman Powell,56,30,26,0.4,0.1,0.3,0.208,1.4,0.308,0.0,0.316,14.2,2.7,0.5,2.2,0.185,4.5,0.597,0.4,0.662,7.9,3.1,0.6,2.5,0.189,5.7,0.547,0.5,0.597,8.7
1630534,Ochai Agbaji,49,22,27,0.9,0.4,0.5,0.442,2.0,0.448,0.1,0.462,11.5,1.6,0.4,1.2,0.256,3.1,0.506,0.2,0.534,9.0,2.5,0.8,1.7,0.322,5.0,0.492,0.2,0.515,9.9
1629052,Oshae Brissett,58,25,33,1.1,0.5,0.5,0.5,2.8,0.38,0.1,0.39,6.7,2.7,0.7,2.0,0.269,4.6,0.584,0.6,0.664,5.4,3.8,1.3,2.5,0.335,6.9,0.542,0.6,0.596,5.8
1628408,PJ Dozier,9,5,4,0.1,0.0,0.1,0.0,0.6,0.2,0.0,0.2,16.3,1.4,0.4,1.0,0.308,2.4,0.591,0.3,0.684,5.2,1.6,0.4,1.1,0.286,2.8,0.56,0.3,0.636,6.0
1626192,Pat Connaughton,59,41,18,0.8,0.3,0.6,0.34,1.9,0.435,0.1,0.459,10.7,3.9,0.7,3.2,0.18,6.2,0.633,0.8,0.721,5.5,4.8,1.0,3.8,0.208,7.9,0.603,0.9,0.677,6.4
201976,Patrick Beverley,66,34,32,0.7,0.2,0.4,0.364,1.4,0.468,0.0,0.478,12.1,3.1,0.5,2.6,0.153,5.3,0.585,0.5,0.644,7.4,3.7,0.7,3.0,0.19,6.5,0.573,0.5,0.622,8.2
201988,Patty Mills,26,11,15,0.3,0.0,0.3,0.0,0.7,0.444,0.1,0.5,20.4,1.4,0.0,1.4,0.0,2.3,0.61,0.1,0.632,12.6,1.7,0.0,1.7,0.0,2.9,0.579,0.2,0.611,14.0
1630202,Payton Pritchard,31,20,11,0.8,0.3,0.5,0.4,1.6,0.5,0.1,0.532,7.2,2.0,0.4,1.6,0.19,3.3,0.612,0.4,0.685,7.2,2.8,0.7,2.1,0.25,4.9,0.575,0.5,0.633,7.2
1631212,Peyton Watson,11,4,7,0.7,0.1,0.6,0.125,2.2,0.333,0.0,0.333,13.0,2.6,0.6,2.0,0.241,4.9,0.537,0.5,0.604,4.6,3.4,0.7,2.6,0.216,6.6,0.507,0.5,0.552,6.4
1629656,Quentin Grimes,64,38,26,0.8,0.3,0.5,0.388,1.5,0.51,0.1,0.533,12.4,2.8,0.7,2.1,0.244,4.6,0.616,0.4,0.672,7.1,3.6,1.0,2.6,0.275,6.0,0.595,0.4,0.641,8.2
1631245,Quenton Jackson,6,2,4,0.3,0.0,0.3,0.0,0.8,0.4,0.0,0.4,18.2,1.0,0.3,0.7,0.333,2.7,0.375,0.7,0.5,10.7,1.3,0.3,1.0,0.25,3.5,0.381,0.7,0.471,12.5
1630181,R.J. Hampton,31,5,26,0.6,0.3,0.3,0.5,1.2,0.486,0.1,0.514,12.0,2.2,0.4,1.8,0.188,3.4,0.663,0.2,0.704,8.2,2.8,0.7,2.1,0.253,4.5,0.63,0.3,0.669,8.9
1629628,RJ Barrett,72,40,32,0.8,0.4,0.5,0.45,2.8,0.296,0.1,0.309,12.2,4.3,0.5,3.8,0.12,7.2,0.598,0.7,0.66,6.4,5.1,0.9,4.2,0.174,9.4,0.544,0.8,0.595,7.4
203526,Raul Neto,27,16,11,0.4,0.0,0.3,0.1,0.6,0.625,0.0,0.625,17.3,1.3,0.3,1.1,0.194,2.0,0.655,0.1,0.679,11.0,1.7,0.3,1.4,0.174,2.6,0.648,0.1,0.667,12.4
203493,Reggie Bullock,76,35,41,0.4,0.1,0.3,0.25,1.0,0.432,0.0,0.451,17.5,3.3,0.7,2.6,0.203,5.3,0.618,0.5,0.68,7.6,3.7,0.8,2.9,0.208,6.2,0.601,0.5,0.657,8.8
202704,Reggie Jackson,58,29,29,0.4,0.2,0.2,0.48,0.9,0.463,0.1,0.49,12.5,2.1,0.2,1.8,0.109,3.7,0.556,0.4,0.623,9.3,2.5,0.4,2.0,0.174,4.6,0.539,0.4,0.598,9.8
201937,Ricky Rubio,27,19,8,0.3,0.0,0.3,0.0,0.9,0.36,0.0,0.375,21.4,2.3,0.4,1.9,0.18,3.4,0.656,0.1,0.67,7.5,2.6,0.4,2.2,0.157,4.3,0.603,0.1,0.619,9.3
203585,Rodney McGruder,26,3,23,0.8,0.3,0.4,0.45,2.3,0.328,0.0,0.333,9.7,2.1,0.3,1.8,0.148,3.3,0.628,0.3,0.692,7.4,2.8,0.7,2.2,0.23,5.2,0.544,0.3,0.583,8.0
1629641,Romeo Langford,33,11,22,1.7,1.3,0.4,0.764,2.8,0.598,0.1,0.625,7.2,1.7,0.7,1.0,0.4,3.2,0.519,0.4,0.585,6.4,3.3,1.9,1.4,0.582,5.8,0.57,0.5,0.621,6.8
200752,Rudy Gay,51,26,25,0.6,0.4,0.3,0.606,1.6,0.393,0.1,0.418,8.2,2.5,0.6,1.9,0.231,3.8,0.674,0.2,0.714,6.3,3.2,1.0,2.2,0.307,5.2,0.613,0.3,0.652,6.7
201566,Russell Westbrook,72,36,36,1.2,0.7,0.5,0.596,3.2,0.387,0.2,0.412,7.1,4.6,0.8,3.8,0.18,6.8,0.68,0.5,0.732,6.4,5.9,1.6,4.3,0.267,9.6,0.61,0.7,0.657,6.6
1627853,Ryan Arcidiacono,6,1,5,0.0,0.0,0.0,0.0,1.0,0.0,0.2,0.0,0.0,2.5,0.3,2.2,0.133,3.7,0.682,0.2,0.714,7.1,2.5,0.3,2.2,0.133,4.7,0.536,0.3,0.577,7.1
1631157,Ryan Rollins,7,3,4,0.4,0.4,0.0,1.0,1.1,0.375,0.0,0.375,2.7,1.3,0.1,1.1,0.111,1.6,0.818,0.0,0.818,7.9,1.7,0.6,1.1,0.333,2.4,0.706,0.0,0.706,6.6
1630240,Saben Lee,18,10,8,0.7,0.5,0.2,0.692,1.7,0.433,0.1,0.448,8.5,1.8,0.2,1.6,0.125,3.1,0.571,0.2,0.615,7.7,2.5,0.7,1.8,0.289,4.8,0.523,0.3,0.556,7.9
1630241,Sam Merrill,3,2,1,0.0,0.0,0.0,0.0,0.3,0.0,0.0,0.0,0.0,3.0,1.0,2.0,0.333,4.3,0.692,0.0,0.692,7.6,3.0,1.0,2.0,0.333,4.3,0.692,0.0,0.692,7.6
1630590,Scotty Pippen Jr.,2,0,2,1.0,0.5,0.5,0.5,1.5,0.667,0.0,0.667,17.1,1.0,0.0,1.0,0.0,2.0,0.5,0.0,0.5,12.2,2.0,0.5,1.5,0.25,3.5,0.571,0.0,0.571,14.6
203552,Seth Curry,43,28,15,0.3,0.0,0.3,0.077,0.7,0.448,0.1,0.5,17.5,2.0,0.2,1.9,0.08,3.3,0.604,0.2,0.635,9.6,2.3,0.2,2.1,0.08,4.0,0.578,0.2,0.613,10.6
1631101,Shaedon Sharpe,77,31,46,0.8,0.3,0.5,0.381,1.7,0.474,0.1,0.488,10.7,2.2,0.4,1.9,0.162,4.0,0.56,0.5,0.631,6.6,3.1,0.7,2.4,0.22,5.7,0.538,0.5,0.59,7.7
1628983,Shai Gilgeous-Alexander,67,33,34,0.9,0.5,0.4,0.525,2.7,0.324,0.1,0.333,10.5,4.0,0.9,3.1,0.222,6.5,0.618,0.6,0.677,8.3,4.9,1.4,3.5,0.277,9.0,0.545,0.6,0.586,8.7
1629003,Shake Milton,66,46,20,0.6,0.3,0.3,0.436,1.4,0.433,0.0,0.443,11.2,2.3,0.4,1.9,0.178,3.7,0.626,0.3,0.676,8.2,2.9,0.7,2.2,0.23,4.9,0.588,0.3,0.626,8.8
1627885,Shaquille Harrison,4,1,3,0.0,0.0,0.0,0.0,1.0,0.0,0.0,0.0,0.0,4.5,1.3,3.3,0.278,5.0,0.9,0.3,0.947,6.5,4.5,1.3,3.3,0.278,6.0,0.75,0.3,0.783,6.5
1630219,Skylar Mays,4,1,3,0.5,0.0,0.5,0.0,2.0,0.25,0.0,0.25,27.9,3.8,0.3,3.5,0.067,5.8,0.652,0.3,0.682,5.7,4.3,0.3,4.0,0.059,7.8,0.548,0.3,0.567,8.3
203915,Spencer Dinwiddie,75,39,36,0.4,0.2,0.2,0.536,1.3,0.277,0.1,0.295,11.7,3.2,0.4,2.8,0.128,5.2,0.616,0.4,0.665,8.8,3.6,0.6,3.0,0.17,6.5,0.552,0.5,0.595,9.1
1626169,Stanley Johnson,27,5,22,0.8,0.1,0.7,0.182,2.0,0.407,0.1,0.423,10.3,2.7,0.6,2.0,0.236,4.5,0.59,0.3,0.626,5.4,3.5,0.8,2.7,0.223,6.1,0.566,0.3,0.599,6.5
201939,Stephen Curry,55,29,26,0.7,0.3,0.4,0.436,1.7,0.411,0.1,0.424,12.9,5.4,1.0,4.4,0.185,8.9,0.607,0.8,0.664,7.6,6.1,1.3,4.8,0.214,10.6,0.579,0.8,0.628,8.2
1628425,Sterling Brown,2,1,1,1.5,0.5,1.0,0.333,2.0,0.75,0.0,0.75,4.6,2.5,0.0,2.5,0.0,3.0,0.833,0.5,1.0,8.0,4.0,0.5,3.5,0.125,5.0,0.8,0.5,0.889,6.7
1629004,Svi Mykhailiuk,21,11,10,0.7,0.2,0.5,0.333,1.4,0.517,0.0,0.517,11.8,1.8,0.5,1.3,0.289,2.7,0.667,0.3,0.76,7.1,2.5,0.8,1.8,0.302,4.0,0.631,0.3,0.688,8.4
204456,T.J. McConnell,70,28,42,0.6,0.2,0.5,0.289,1.4,0.446,0.0,0.455,13.8,2.7,0.2,2.5,0.09,4.4,0.616,0.3,0.668,9.4,3.3,0.4,2.9,0.128,5.6,0.592,0.4,0.634,10.2
1629659,Talen Horton-Tucker,58,25,33,0.7,0.4,0.3,0.585,1.8,0.398,0.0,0.406,8.2,2.9,0.6,2.3,0.219,5.0,0.583,0.4,0.631,7.2,3.6,1.1,2.6,0.29,6.6,0.547,0.4,0.583,7.4
1629611,Terance Mann,77,43,34,1.0,0.6,0.4,0.584,2.1,0.472,0.0,0.481,7.5,2.6,0.6,2.0,0.221,4.5,0.572,0.5,0.636,6.1,3.6,1.2,2.4,0.322,6.5,0.552,0.5,0.597,6.5
1629056,Terence Davis,46,25,21,0.4,0.2,0.3,0.4,1.2,0.377,0.1,0.408,8.6,2.6,0.3,2.3,0.101,3.9,0.665,0.4,0.735,6.9,3.0,0.4,2.6,0.144,4.8,0.629,0.5,0.695,7.1
203082,Terrence Ross,57,25,32,0.4,0.1,0.3,0.182,0.6,0.611,0.0,0.647,20.6,2.3,0.3,2.0,0.129,3.2,0.717,0.2,0.763,8.4,2.7,0.4,2.3,0.136,3.8,0.706,0.2,0.751,10.2
1626179,Terry Rozier,61,18,43,0.8,0.3,0.5,0.392,2.3,0.359,0.0,0.364,10.8,3.4,0.4,3.0,0.12,5.4,0.627,0.3,0.669,9.1,4.2,0.7,3.5,0.174,7.7,0.549,0.4,0.577,9.4
1630177,Theo Maledon,38,11,27,0.4,0.1,0.3,0.214,0.9,0.412,0.1,0.438,13.3,2.9,0.4,2.4,0.156,4.7,0.612,0.3,0.657,7.9,3.2,0.5,2.7,0.163,5.6,0.583,0.4,0.624,8.5
1629033,Theo Pinson,27,15,12,0.4,0.2,0.2,0.6,1.2,0.313,0.1,0.345,10.1,2.0,0.4,1.6,0.208,3.2,0.616,0.4,0.697,6.9,2.3,0.6,1.7,0.27,4.2,0.558,0.5,0.63,7.5
203501,Tim Hardaway Jr.,70,37,33,0.3,0.1,0.2,0.333,1.1,0.273,0.0,0.28,15.8,3.3,0.7,2.6,0.2,5.7,0.574,0.5,0.628,6.4,3.6,0.8,2.8,0.211,6.6,0.544,0.5,0.592,7.2
1629027,Trae Young,67,36,31,0.8,0.2,0.6,0.25,2.4,0.35,0.1,0.368,14.0,2.4,0.1,2.3,0.056,3.8,0.636,0.3,0.694,11.5,3.2,0.3,2.9,0.106,6.1,0.527,0.4,0.567,12.2
1630200,Tre Jones,62,19,43,0.8,0.1,0.7,0.173,2.2,0.382,0.1,0.394,13.3,2.9,0.4,2.5,0.124,4.7,0.605,0.5,0.685,8.6,3.7,0.5,3.2,0.135,6.8,0.544,0.6,0.597,9.6
1630544,Tre Mann,55,25,30,0.5,0.2,0.3,0.333,1.1,0.466,0.0,0.482,12.6,2.3,0.3,2.0,0.141,4.0,0.582,0.3,0.637,6.8,2.8,0.5,2.3,0.174,5.0,0.564,0.4,0.61,7.8
1630235,Trent Forrest,15,5,10,0.3,0.1,0.3,0.2,0.8,0.417,0.0,0.417,6.8,2.1,0.1,2.0,0.063,3.1,0.696,0.1,0.727,7.4,2.5,0.2,2.3,0.081,3.8,0.649,0.1,0.673,7.3
1630243,Trevelin Queen,7,2,5,1.1,0.9,0.3,0.75,2.0,0.571,0.0,0.571,8.4,1.3,0.4,0.9,0.333,1.6,0.818,0.1,0.9,5.4,2.4,1.3,1.1,0.529,3.6,0.68,0.1,0.708,6.8
1631211,Trevor Keels,2,2,0,0.0,0.0,0.0,0.0,0.0,0.0,0.0,0.0,0.0,1.0,0.0,1.0,0.0,1.0,1.0,0.0,1.0,10.7,1.0,0.0,1.0,0.0,1.0,1.0,0.0,1.0,10.7
1628972,Troy Brown Jr.,72,39,33,0.9,0.3,0.5,0.403,2.0,0.425,0.1,0.443,11.4,3.4,0.7,2.7,0.191,5.7,0.603,0.7,0.689,6.3,4.3,1.0,3.2,0.234,7.3,0.589,0.8,0.661,7.3
1629660,Ty Jerome,34,16,18,0.2,0.1,0.1,0.286,0.7,0.292,0.0,0.304,13.7,2.1,0.3,1.8,0.127,3.5,0.592,0.3,0.651,8.6,2.3,0.3,2.0,0.141,4.2,0.549,0.4,0.6,9.0
1631102,TyTy Washington Jr.,21,5,16,0.1,0.1,0.0,1.0,0.4,0.25,0.0,0.25,4.8,2.0,0.1,1.9,0.07,3.2,0.632,0.1,0.652,9.4,2.1,0.2,1.9,0.111,3.6,0.592,0.1,0.608,9.2
1628416,Tyler Dorsey,1,1,0,1.0,0.0,1.0,0.0,1.0,1.0,0.0,1.0,14.9,1.0,0.0,1.0,0.0,1.0,1.0,0.0,1.0,4.3,2.0,0.0,2.0,0.0,2.0,1.0,0.0,1.0,9.6
1629639,Tyler Herro,67,37,30,0.4,0.1,0.3,0.333,1.7,0.239,0.0,0.245,13.8,5.0,0.6,4.4,0.123,7.6,0.657,0.6,0.715,7.3,5.4,0.7,4.6,0.139,8.9,0.607,0.7,0.656,7.8
1630169,Tyrese Haliburton,55,28,27,0.6,0.2,0.4,0.333,1.7,0.351,0.0,0.355,14.1,3.1,0.2,2.9,0.07,4.7,0.659,0.3,0.696,10.0,3.7,0.4,3.3,0.112,6.4,0.584,0.3,0.61,10.6
1631213,Tyrese Martin,5,2,3,1.0,0.4,0.6,0.4,1.4,0.714,0.0,0.714,11.8,1.4,0.4,1.0,0.286,1.6,0.875,0.2,1.0,6.4,2.4,0.8,1.6,0.333,3.0,0.8,0.2,0.857,8.6
1630178,Tyrese Maxey,56,35,21,0.4,0.1,0.3,0.304,1.3,0.329,0.1,0.354,13.3,2.7,0.2,2.5,0.085,4.4,0.614,0.4,0.671,8.8,3.1,0.4,2.8,0.114,5.7,0.555,0.5,0.605,9.4
1626145,Tyus Jones,71,44,27,0.4,0.1,0.3,0.179,0.9,0.444,0.0,0.452,18.2,2.4,0.1,2.3,0.058,3.8,0.642,0.2,0.677,8.2,2.8,0.2,2.6,0.075,4.5,0.631,0.2,0.662,9.6
203506,Victor Oladipo,38,22,16,0.4,0.1,0.3,0.188,1.1,0.4,0.0,0.41,16.7,2.9,0.5,2.4,0.17,5.4,0.549,0.4,0.596,7.6,3.4,0.6,2.8,0.172,6.4,0.525,0.4,0.564,8.7
1631246,Vince Williams Jr.,4,1,3,1.0,0.3,0.8,0.25,2.8,0.364,0.3,0.4,12.1,2.8,0.5,2.3,0.182,4.0,0.688,0.0,0.688,6.9,3.8,0.8,3.0,0.2,6.8,0.556,0.3,0.577,8.3
1630249,Vit Krejci,16,8,8,0.4,0.3,0.2,0.667,0.7,0.545,0.0,0.545,9.5,1.3,0.1,1.1,0.1,1.6,0.769,0.3,0.909,7.1,1.6,0.4,1.3,0.231,2.3,0.722,0.3,0.813,7.7
1631111,Wendell Moore Jr.,13,4,9,0.3,0.2,0.1,0.75,0.5,0.571,0.0,0.571,3.1,1.1,0.3,0.8,0.286,1.8,0.609,0.2,0.667,6.9,1.4,0.5,0.8,0.389,2.2,0.621,0.2,0.667,6.0
202083,Wesley Matthews,42,34,8,0.8,0.3,0.5,0.412,1.4,0.576,0.0,0.596,10.9,1.9,0.5,1.4,0.291,3.5,0.537,0.4,0.612,7.8,2.7,0.9,1.8,0.327,4.8,0.562,0.5,0.624,8.7
203115,Will Barton,50,24,26,0.3,0.1,0.2,0.333,0.7,0.405,0.0,0.405,10.4,2.4,0.4,2.1,0.148,3.9,0.632,0.3,0.685,6.0,2.7,0.5,2.2,0.168,4.5,0.606,0.3,0.649,6.5
1629875,Xavier Moon,3,1,2,0.0,0.0,0.0,0.0,0.7,0.0,0.0,0.0,0.0,1.0,0.3,0.7,0.333,1.0,1.0,0.0,1.0,6.1,1.0,0.3,0.7,0.333,1.7,0.6,0.0,0.6,6.1
1629139,Yuta Watanabe,44,24,20,0.7,0.4,0.3,0.6,1.4,0.5,0.1,0.526,8.8,2.5,0.5,2.0,0.189,4.6,0.544,0.4,0.597,6.1,3.2,0.9,2.3,0.277,5.9,0.544,0.5,0.592,6.7
203897,Zach LaVine,75,37,38,0.5,0.2,0.4,0.341,1.9,0.293,0.1,0.304,11.5,4.0,0.5,3.5,0.114,6.7,0.597,0.6,0.654,6.8,4.5,0.6,3.9,0.141,8.3,0.543,0.7,0.589,7.4
