PLAYER_ID,PLAYER_NAME,GP,W,L,TOUCHES,ELBOW_TOUCHES,ELBOW_TOUCH_FGM,ELBOW_TOUCH_FGA,ELBOW_TOUCH_FG_PCT,ELBOW_TOUCH_FTM,ELBOW_TOUCH_FTA,ELBOW_TOUCH_FT_PCT,ELBOW_TOUCH_PTS,ELBOW_TOUCH_PASSES,ELBOW_TOUCH_AST,ELBOW_TOUCH_AST_PCT,ELBOW_TOUCH_TOV,ELBOW_TOUCH_TOV_PCT,ELBOW_TOUCH_FOULS,ELBOW_TOUCH_PASSES_PCT,ELBOW_TOUCH_FOULS_PCT,ELBOW_TOUCH_PTS_PCT
1630639,A.J. Lawson,15,5,10,9.8,0.1,0.1,0.1,1.0,0.0,0.0,0.0,0.1,0.0,0.0,0.0,0.0,0.0,0.0,0.0,0.0,2.0
1631260,AJ Green,35,27,8,12.1,0.1,0.0,0.0,0.0,0.0,0.0,0.0,0.0,0.1,0.0,0.5,0.0,0.0,0.0,0.667,0.0,0.0
1628988,Aaron Holiday,63,32,31,20.5,0.1,0.0,0.1,0.25,0.0,0.0,0.0,0.0,0.1,0.0,0.25,0.0,0.0,0.0,0.5,0.0,0.25
1630174,Aaron Nesmith,73,30,43,36.1,0.4,0.2,0.2,0.786,0.0,0.0,0.0,0.3,0.2,0.0,0.083,0.0,0.103,0.0,0.414,0.0,0.759
1630598,Aaron Wiggins,70,37,33,20.9,0.5,0.1,0.2,0.375,0.1,0.1,1.0,0.2,0.2,0.0,0.063,0.1,0.105,0.0,0.421,0.053,0.421
202692,Alec Burks,50,12,38,34.6,0.3,0.1,0.2,0.444,0.0,0.0,0.0,0.2,0.1,0.0,0.286,0.0,0.0,0.0,0.438,0.0,0.625
1627936,Alex Caruso,66,32,34,42.1,0.7,0.1,0.2,0.462,0.0,0.0,1.0,0.2,0.5,0.1,0.226,0.0,0.041,0.0,0.633,0.02,0.286
1631214,Alondes Williams,1,1,0,9.0,0.0,0.0,0.0,0.0,0.0,0.0,0.0,0.0,0.0,0.0,0.0,0.0,0.0,0.0,0.0,0.0,0.0
1629599,Amir Coffey,50,26,24,13.6,0.1,0.0,0.0,0.0,0.1,0.1,0.75,0.1,0.1,0.0,0.0,0.0,0.0,0.0,0.571,0.286,0.429
2738,Andre Iguodala,7,2,5,24.4,0.7,0.1,0.1,1.0,0.0,0.0,0.0,0.3,0.6,0.0,0.0,0.0,0.0,0.0,0.8,0.0,0.4
1629614,Andrew Nembhard,75,32,43,49.3,0.4,0.1,0.1,0.636,0.0,0.0,0.0,0.2,0.2,0.0,0.176,0.0,0.097,0.0,0.548,0.0,0.452
1629014,Anfernee Simons,62,27,35,67.4,0.3,0.1,0.2,0.643,0.0,0.0,0.0,0.3,0.1,0.0,0.25,0.0,0.1,0.0,0.2,0.0,0.95
1630162,Anthony Edwards,78,39,39,71.4,0.6,0.2,0.3,0.783,0.0,0.1,0.75,0.5,0.2,0.0,0.25,0.1,0.116,0.0,0.279,0.047,0.953
1630559,Austin Reaves,64,35,29,41.9,0.5,0.1,0.2,0.5,0.1,0.1,0.8,0.2,0.3,0.1,0.25,0.0,0.033,0.0,0.533,0.1,0.4
203085,Austin Rivers,52,25,27,22.8,0.1,0.0,0.0,1.0,0.0,0.0,0.0,0.1,0.0,0.0,0.0,0.0,0.0,0.0,0.25,0.0,1.0
1630245,Ayo Dosunmu,79,39,40,42.7,0.2,0.1,0.1,0.857,0.0,0.0,1.0,0.2,0.1,0.0,0.0,0.0,0.125,0.0,0.375,0.063,0.875
1627732,Ben Simmons,42,24,18,61.4,2.3,0.4,0.7,0.516,0.0,0.1,0.25,0.8,1.4,0.3,0.211,0.0,0.021,0.0,0.594,0.021,0.344
1631097,Bennedict Mathurin,78,33,45,42.0,1.1,0.3,0.5,0.622,0.3,0.3,0.808,0.9,0.4,0.0,0.107,0.0,0.036,0.2,0.333,0.155,0.869
1631104,Blake Wesley,34,8,26,36.2,0.3,0.0,0.1,0.5,0.1,0.1,0.5,0.1,0.1,0.0,0.0,0.0,0.111,0.1,0.444,0.222,0.444
203992,Bogdan Bogdanovic,54,27,27,40.5,0.6,0.1,0.3,0.571,0.0,0.0,0.0,0.3,0.3,0.1,0.25,0.0,0.0,0.0,0.516,0.0,0.516
1630538,Bones Hyland,56,36,20,45.7,0.2,0.1,0.1,0.8,0.0,0.0,0.0,0.1,0.1,0.0,0.2,0.0,0.091,0.0,0.455,0.0,0.727
203078,Bradley Beal,50,24,26,67.9,1.9,0.5,1.0,0.5,0.2,0.2,1.0,1.2,0.7,0.1,0.171,0.1,0.064,0.1,0.372,0.043,0.638
1630527,Brandon Boston Jr.,22,9,13,19.5,0.1,0.0,0.1,0.5,0.0,0.0,0.0,0.1,0.0,0.0,0.0,0.0,0.0,0.0,0.0,0.0,1.0
1628971,Bruce Brown,80,53,27,51.6,0.8,0.4,0.5,0.7,0.0,0.1,0.5,0.8,0.3,0.1,0.238,0.0,0.045,0.0,0.318,0.03,0.909
1631121,Bryce McGowens,46,16,30,19.0,0.1,0.0,0.0,0.0,0.0,0.0,1.0,0.0,0.0,0.0,0.0,0.0,0.2,0.0,0.4,0.2,0.4
1627854,Bryn Forbes,25,9,16,11.9,0.0,0.0,0.0,0.0,0.0,0.0,0.0,0.0,0.0,0.0,0.0,0.0,0.0,0.0,1.0,0.0,0.0
1627741,Buddy Hield,80,35,45,58.7,0.4,0.1,0.2,0.833,0.1,0.1,1.0,0.4,0.2,0.0,0.111,0.0,0.086,0.0,0.514,0.029,0.8
203468,CJ McCollum,75,38,37,75.1,0.8,0.2,0.4,0.536,0.0,0.0,1.0,0.5,0.4,0.1,0.148,0.1,0.067,0.0,0.45,0.017,0.6
1630595,Cade Cunningham,12,3,9,78.3,0.3,0.2,0.3,0.667,0.0,0.0,0.0,0.3,0.1,0.1,1.0,0.0,0.0,0.0,0.25,0.0,1.0
1631216,Caleb Houstan,51,20,31,13.9,0.1,0.0,0.0,0.0,0.0,0.0,0.0,0.0,0.1,0.0,0.333,0.0,0.167,0.0,0.5,0.0,0.0
1629629,Cam Reddish,40,14,26,28.5,0.6,0.2,0.3,0.615,0.1,0.1,1.0,0.5,0.2,0.1,0.286,0.1,0.087,0.0,0.304,0.043,0.783
1630560,Cam Thomas,57,30,27,28.9,0.4,0.1,0.2,0.583,0.1,0.1,1.0,0.4,0.1,0.0,0.4,0.0,0.05,0.0,0.25,0.05,1.0
1626166,Cameron Payne,48,27,21,49.6,0.1,0.0,0.0,1.0,0.0,0.0,0.0,0.0,0.0,0.0,0.0,0.0,0.0,0.0,0.667,0.0,0.667
1627747,Caris LeVert,74,45,29,47.1,0.6,0.1,0.3,0.421,0.1,0.1,0.75,0.3,0.3,0.0,0.105,0.0,0.023,0.1,0.432,0.091,0.5
1630637,Carlik Jones,6,3,3,14.3,0.0,0.0,0.0,0.0,0.0,0.0,0.0,0.0,0.0,0.0,0.0,0.0,0.0,0.0,0.0,0.0,0.0
1630537,Chris Duarte,46,19,27,29.1,0.3,0.1,0.2,0.429,0.1,0.1,1.0,0.2,0.0,0.0,0.0,0.0,0.083,0.0,0.167,0.167,0.833
101108,Chris Paul,59,33,26,74.5,0.3,0.0,0.1,0.25,0.1,0.1,0.6,0.1,0.2,0.0,0.111,0.0,0.063,0.0,0.563,0.063,0.188
1631128,Christian Braun,76,49,27,18.3,0.4,0.1,0.1,0.778,0.1,0.1,0.625,0.3,0.2,0.0,0.214,0.0,0.036,0.1,0.5,0.143,0.679
1629632,Coby White,73,36,37,38.4,0.1,0.0,0.1,0.5,0.0,0.0,0.0,0.1,0.0,0.0,0.0,0.0,0.0,0.0,0.333,0.0,0.667
1630175,Cole Anthony,60,28,32,52.9,0.4,0.1,0.1,0.833,0.1,0.1,0.875,0.3,0.2,0.0,0.071,0.0,0.04,0.1,0.56,0.16,0.68
1629012,Collin Sexton,48,24,24,45.9,0.4,0.0,0.1,0.4,0.1,0.1,1.0,0.2,0.2,0.1,0.375,0.0,0.053,0.1,0.421,0.158,0.526
202709,Cory Joseph,62,12,50,40.5,0.2,0.0,0.1,0.25,0.0,0.0,0.0,0.0,0.1,0.0,0.2,0.0,0.0,0.0,0.5,0.0,0.2
1626156,D'Angelo Russell,71,39,32,79.2,0.5,0.2,0.3,0.7,0.0,0.0,0.0,0.4,0.2,0.0,0.0,0.0,0.054,0.0,0.378,0.0,0.838
1630227,Daishen Nix,57,15,42,36.0,0.1,0.1,0.1,0.75,0.0,0.0,0.0,0.1,0.0,0.0,1.0,0.0,0.167,0.0,0.167,0.0,1.0
203081,Damian Lillard,58,27,31,88.1,0.4,0.1,0.1,0.714,0.1,0.1,1.0,0.3,0.2,0.0,0.091,0.1,0.167,0.0,0.458,0.042,0.625
1627814,Damion Lee,74,40,34,28.6,0.3,0.1,0.1,0.75,0.0,0.0,0.0,0.2,0.2,0.0,0.077,0.0,0.087,0.0,0.565,0.0,0.522
201980,Danny Green,11,6,5,18.8,0.1,0.0,0.0,0.0,0.0,0.0,0.0,0.0,0.1,0.0,0.0,0.0,0.0,0.0,1.0,0.0,0.0
1627863,Danuel House Jr.,56,38,18,16.7,0.1,0.1,0.1,0.75,0.0,0.0,0.0,0.1,0.0,0.0,1.0,0.0,0.167,0.0,0.167,0.0,1.167
1629636,Darius Garland,69,40,29,76.7,0.6,0.2,0.2,0.706,0.1,0.1,1.0,0.4,0.2,0.1,0.25,0.0,0.026,0.0,0.421,0.053,0.737
1630561,David Duke Jr.,23,10,13,13.9,0.0,0.0,0.0,0.0,0.0,0.0,0.0,0.0,0.0,0.0,0.0,0.0,0.0,0.0,1.0,0.0,0.0
1630558,Davion Mitchell,80,47,33,35.1,0.1,0.0,0.1,0.4,0.0,0.0,1.0,0.1,0.1,0.0,0.6,0.0,0.0,0.0,0.455,0.091,0.545
1628432,Davon Reed,43,29,14,14.6,0.1,0.0,0.0,0.0,0.0,0.0,0.0,0.0,0.1,0.0,0.333,0.0,0.4,0.0,0.6,0.0,0.0
1628368,De'Aaron Fox,73,44,29,78.2,0.3,0.1,0.2,0.636,0.0,0.0,0.0,0.2,0.1,0.0,0.111,0.0,0.13,0.0,0.391,0.0,0.609
1629631,De'Andre Hunter,67,35,32,38.0,0.9,0.3,0.6,0.575,0.1,0.1,0.875,0.8,0.2,0.0,0.167,0.0,0.05,0.1,0.2,0.067,0.883
1629001,De'Anthony Melton,77,50,27,47.6,0.6,0.1,0.2,0.692,0.0,0.1,0.75,0.3,0.4,0.1,0.207,0.0,0.0,0.0,0.659,0.045,0.5
201942,DeMar DeRozan,73,36,37,59.4,1.6,0.5,0.9,0.516,0.2,0.2,0.889,1.2,0.5,0.1,0.2,0.0,0.017,0.1,0.339,0.059,0.737
1627749,Dejounte Murray,74,38,36,72.6,0.5,0.1,0.3,0.35,0.0,0.0,0.0,0.2,0.2,0.1,0.267,0.0,0.053,0.0,0.395,0.0,0.368
1626153,Delon Wright,50,26,24,47.5,0.3,0.1,0.1,1.0,0.0,0.0,0.0,0.2,0.2,0.0,0.182,0.0,0.059,0.0,0.647,0.0,0.588
203471,Dennis Schroder,67,37,30,54.8,0.2,0.0,0.1,0.5,0.0,0.0,0.0,0.1,0.1,0.0,0.0,0.0,0.071,0.0,0.429,0.071,0.429
1628372,Dennis Smith Jr.,54,19,35,53.9,0.3,0.1,0.2,0.667,0.0,0.0,0.0,0.2,0.1,0.0,0.143,0.0,0.111,0.0,0.389,0.0,0.722
1629126,Deonte Burton,2,1,1,2.0,0.0,0.0,0.0,0.0,0.0,0.0,0.0,0.0,0.0,0.0,0.0,0.0,0.0,0.0,0.0,0.0,0.0
1631220,Dereon Seabron,5,2,3,2.8,0.0,0.0,0.0,0.0,0.0,0.0,0.0,0.0,0.0,0.0,0.0,0.0,0.0,0.0,0.0,0.0,0.0
201565,Derrick Rose,27,12,15,26.9,0.2,0.1,0.2,0.4,0.0,0.0,0.0,0.1,0.0,0.0,0.0,0.0,0.0,0.0,0.167,0.0,0.667
1628401,Derrick White,82,57,25,47.6,0.5,0.1,0.2,0.5,0.1,0.1,1.0,0.3,0.3,0.1,0.435,0.0,0.044,0.0,0.511,0.067,0.533
1630217,Desmond Bane,58,38,20,63.8,0.8,0.3,0.5,0.69,0.1,0.1,0.875,0.8,0.2,0.1,0.3,0.0,0.044,0.1,0.222,0.067,1.067
1626164,Devin Booker,53,34,19,64.1,1.0,0.3,0.5,0.621,0.1,0.1,1.0,0.8,0.4,0.2,0.421,0.1,0.073,0.1,0.345,0.055,0.818
1630170,Devin Vassell,38,12,26,53.2,0.5,0.2,0.4,0.6,0.1,0.1,1.0,0.6,0.1,0.0,0.0,0.0,0.0,0.1,0.15,0.1,1.15
1629653,Devon Dotson,6,1,5,16.3,0.5,0.0,0.0,0.0,0.0,0.0,0.0,0.0,0.5,0.2,0.333,0.0,0.0,0.0,1.0,0.0,0.0
1628984,Devonte' Graham,73,31,42,34.9,0.2,0.0,0.0,1.0,0.0,0.0,0.667,0.1,0.1,0.1,0.5,0.0,0.077,0.0,0.615,0.077,0.462
1628415,Dillon Brooks,73,46,27,41.2,0.4,0.2,0.2,0.611,0.0,0.0,1.0,0.3,0.1,0.0,0.286,0.0,0.097,0.0,0.226,0.0,0.774
1628378,Donovan Mitchell,68,44,24,67.7,0.8,0.3,0.4,0.679,0.1,0.1,1.0,0.7,0.3,0.0,0.13,0.0,0.035,0.0,0.404,0.053,0.86
1631495,Donovan Williams,2,1,1,3.5,0.0,0.0,0.0,0.0,0.0,0.0,0.0,0.0,0.0,0.0,0.0,0.0,0.0,0.0,0.0,0.0,0.0
1628978,Donte DiVincenzo,71,41,30,48.3,0.7,0.1,0.1,0.7,0.0,0.0,1.0,0.3,0.5,0.1,0.152,0.0,0.043,0.0,0.702,0.021,0.383
1630696,Dru Smith,15,7,8,18.7,0.2,0.1,0.1,1.0,0.0,0.0,0.0,0.3,0.1,0.0,0.0,0.0,0.0,0.0,0.333,0.0,1.333
1630613,Duane Washington Jr.,31,17,14,30.0,0.1,0.0,0.0,0.0,0.0,0.0,0.0,0.0,0.1,0.0,0.0,0.0,0.0,0.0,1.0,0.0,0.0
1629685,Dylan Windler,3,3,0,6.3,0.0,0.0,0.0,0.0,0.0,0.0,0.0,0.0,0.0,0.0,0.0,0.0,0.0,0.0,0.0,0.0,0.0
1630700,Dyson Daniels,59,33,26,29.1,0.2,0.0,0.0,1.0,0.0,0.0,0.0,0.1,0.1,0.1,0.571,0.0,0.0,0.0,0.7,0.0,0.4
1628410,Edmond Sumner,53,33,20,23.4,0.3,0.1,0.1,0.8,0.0,0.0,1.0,0.2,0.1,0.0,0.0,0.0,0.143,0.0,0.357,0.071,0.714
201569,Eric Gordon,69,25,44,38.6,0.2,0.1,0.1,0.556,0.0,0.0,0.0,0.1,0.1,0.0,0.143,0.0,0.0,0.0,0.438,0.0,0.625
203095,Evan Fournier,27,15,12,22.3,0.1,0.0,0.0,0.0,0.0,0.0,0.0,0.0,0.1,0.0,0.333,0.0,0.0,0.0,1.0,0.0,0.0
1630267,Facundo Campazzo,8,2,6,14.9,0.0,0.0,0.0,0.0,0.0,0.0,0.0,0.0,0.0,0.0,0.0,0.0,0.0,0.0,0.0,0.0,0.0
1628402,Frank Jackson,1,0,1,10.0,0.0,0.0,0.0,0.0,0.0,0.0,0.0,0.0,0.0,0.0,0.0,0.0,0.0,0.0,0.0,0.0,0.0
1628373,Frank Ntilikina,47,20,27,17.8,0.1,0.0,0.0,1.0,0.0,0.0,0.0,0.0,0.1,0.0,0.333,0.0,0.0,0.0,0.75,0.0,0.5
1627832,Fred VanVleet,69,34,35,84.6,0.2,0.0,0.0,1.0,0.1,0.1,1.0,0.1,0.1,0.0,0.0,0.0,0.25,0.0,0.333,0.167,0.667
1627788,Furkan Korkmaz,37,24,13,14.2,0.2,0.1,0.1,0.6,0.0,0.1,0.5,0.2,0.0,0.0,0.0,0.0,0.0,0.0,0.143,0.143,1.143
1629216,Gabe Vincent,68,37,31,43.1,0.2,0.0,0.1,0.75,0.0,0.0,0.0,0.1,0.1,0.0,0.167,0.0,0.167,0.0,0.5,0.0,0.5
1628221,Gabe York,3,1,2,20.7,0.3,0.0,0.0,0.0,0.0,0.0,0.0,0.0,0.3,0.3,1.0,0.0,0.0,0.0,1.0,0.0,0.0
202066,Garrett Temple,25,16,9,8.3,0.1,0.0,0.1,0.333,0.0,0.0,0.0,0.1,0.0,0.0,0.0,0.0,0.0,0.0,0.0,0.0,0.667
1629726,Garrison Mathews,54,16,38,13.9,0.1,0.0,0.0,0.0,0.0,0.0,0.0,0.0,0.1,0.0,0.0,0.0,0.0,0.0,1.0,0.0,0.0
203914,Gary Harris,48,22,26,21.5,0.1,0.0,0.1,0.667,0.0,0.0,1.0,0.1,0.0,0.0,0.0,0.0,0.0,0.0,0.2,0.2,1.2
1627780,Gary Payton II,22,13,9,23.1,0.6,0.0,0.2,0.25,0.0,0.0,0.0,0.1,0.4,0.1,0.25,0.1,0.143,0.0,0.571,0.0,0.143
1629018,Gary Trent Jr.,66,31,35,38.6,0.4,0.2,0.2,0.688,0.1,0.1,1.0,0.4,0.1,0.0,0.2,0.0,0.08,0.0,0.2,0.08,1.08
201588,George Hill,46,27,19,31.7,0.3,0.1,0.1,1.0,0.0,0.0,0.5,0.2,0.2,0.0,0.286,0.0,0.077,0.0,0.538,0.077,0.538
201609,Goran Dragic,57,26,31,33.2,0.2,0.1,0.1,0.5,0.0,0.0,0.0,0.1,0.0,0.0,0.5,0.0,0.111,0.0,0.222,0.0,0.667
1628960,Grayson Allen,72,53,19,35.0,0.3,0.1,0.1,0.75,0.0,0.0,0.0,0.2,0.2,0.0,0.231,0.0,0.045,0.0,0.591,0.0,0.545
1628977,Hamidou Diallo,55,12,43,27.8,1.1,0.5,0.8,0.714,0.1,0.2,0.8,1.3,0.1,0.0,0.25,0.1,0.083,0.1,0.133,0.083,1.15
1630193,Immanuel Quickley,81,47,34,52.0,0.3,0.0,0.1,0.667,0.0,0.0,0.0,0.1,0.2,0.0,0.2,0.0,0.045,0.0,0.682,0.0,0.409
1630171,Isaac Okoro,76,48,28,19.8,0.4,0.1,0.1,0.6,0.0,0.0,1.0,0.2,0.2,0.1,0.357,0.0,0.071,0.0,0.5,0.036,0.5
1630198,Isaiah Joe,73,36,37,25.2,0.4,0.1,0.1,0.6,0.0,0.1,0.75,0.2,0.2,0.0,0.071,0.0,0.0,0.0,0.483,0.069,0.517
202397,Ish Smith,43,25,18,21.7,0.1,0.0,0.0,0.0,0.0,0.0,0.0,0.0,0.1,0.0,0.333,0.0,0.4,0.0,0.6,0.0,0.0
1631120,JD Davison,12,11,1,9.6,0.1,0.1,0.1,1.0,0.0,0.0,0.0,0.2,0.0,0.0,0.0,0.0,0.0,0.0,0.0,0.0,2.0
1629630,Ja Morant,61,40,21,77.0,0.5,0.1,0.2,0.5,0.0,0.1,0.6,0.3,0.2,0.0,0.273,0.0,0.034,0.0,0.379,0.069,0.621
1631367,Jacob Gilyard,1,0,1,77.0,0.0,0.0,0.0,0.0,0.0,0.0,0.0,0.0,0.0,0.0,0.0,0.0,0.0,0.0,0.0,0.0,0.0
1630702,Jaden Hardy,48,20,28,25.3,0.3,0.1,0.1,0.6,0.0,0.0,0.0,0.1,0.1,0.0,0.25,0.0,0.083,0.0,0.333,0.0,0.5
1631093,Jaden Ivey,73,16,57,58.3,0.8,0.2,0.3,0.7,0.1,0.1,0.875,0.5,0.3,0.2,0.48,0.1,0.086,0.0,0.431,0.052,0.621
1630531,Jaden Springer,16,13,3,5.3,0.1,0.0,0.1,0.0,0.0,0.0,0.0,0.0,0.1,0.1,1.0,0.0,0.0,0.0,0.5,0.0,0.0
1628973,Jalen Brunson,68,40,28,84.3,0.2,0.0,0.1,0.5,0.0,0.0,0.5,0.1,0.1,0.0,0.125,0.0,0.0,0.0,0.615,0.0,0.385
1630224,Jalen Green,76,20,56,65.9,0.4,0.1,0.2,0.417,0.1,0.1,0.8,0.2,0.1,0.0,0.167,0.0,0.034,0.1,0.207,0.207,0.621
1630591,Jalen Suggs,53,20,33,43.1,0.3,0.1,0.2,0.333,0.1,0.1,0.75,0.2,0.1,0.0,0.25,0.0,0.0,0.0,0.267,0.133,0.6
1631114,Jalen Williams,75,36,39,46.5,0.8,0.4,0.5,0.75,0.0,0.1,0.75,0.8,0.2,0.1,0.235,0.1,0.065,0.0,0.274,0.032,0.968
1627750,Jamal Murray,65,43,22,71.4,1.1,0.3,0.5,0.594,0.1,0.1,1.0,0.8,0.4,0.1,0.24,0.1,0.087,0.1,0.362,0.058,0.71
1631123,Jamaree Bouyea,5,2,3,23.6,0.0,0.0,0.0,0.0,0.0,0.0,0.0,0.0,0.0,0.0,0.0,0.0,0.0,0.0,0.0,0.0,0.0
1630547,James Bouknight,34,9,25,22.4,0.1,0.1,0.1,1.0,0.0,0.0,0.0,0.1,0.0,0.0,0.0,0.0,0.0,0.0,0.333,0.0,1.667
201935,James Harden,58,39,19,93.5,0.3,0.1,0.1,0.8,0.0,0.0,0.0,0.2,0.2,0.1,0.417,0.1,0.15,0.0,0.6,0.0,0.45
1630215,Jared Butler,6,3,3,25.0,0.2,0.0,0.0,0.0,0.0,0.0,0.0,0.0,0.2,0.0,0.0,0.0,0.0,0.0,1.0,0.0,0.0
1631197,Jared Rhoden,14,2,12,17.1,0.1,0.1,0.1,0.5,0.0,0.0,0.0,0.1,0.0,0.0,0.0,0.0,0.0,0.0,0.0,0.0,1.0
1629633,Jarrett Culver,10,5,5,20.5,0.1,0.0,0.1,0.0,0.0,0.0,0.0,0.0,0.0,0.0,0.0,0.0,0.0,0.0,0.0,0.0,0.0
1630554,Jason Preston,14,4,10,22.1,0.1,0.1,0.1,1.0,0.0,0.0,0.0,0.1,0.0,0.0,0.0,0.0,0.0,0.0,0.0,0.0,2.0
1629750,Javonte Green,32,13,19,21.8,0.5,0.2,0.3,0.7,0.0,0.1,0.5,0.5,0.1,0.0,0.0,0.0,0.0,0.0,0.267,0.067,1.0
1630206,Jay Scrubb,2,1,1,24.5,0.0,0.0,0.0,0.0,0.0,0.0,0.0,0.0,0.0,0.0,0.0,0.0,0.0,0.0,0.0,0.0,0.0
1627759,Jaylen Brown,67,46,21,64.0,1.5,0.5,0.9,0.533,0.1,0.2,0.75,1.1,0.5,0.1,0.273,0.1,0.039,0.1,0.32,0.058,0.718
1629669,Jaylen Nowell,65,34,31,33.2,0.2,0.2,0.2,0.833,0.0,0.0,1.0,0.4,0.0,0.0,1.0,0.0,0.063,0.0,0.063,0.063,1.438
1628369,Jayson Tatum,74,52,22,74.9,2.5,0.9,1.3,0.636,0.4,0.5,0.941,2.2,0.7,0.1,0.189,0.2,0.075,0.2,0.283,0.08,0.888
1631466,Jeenathan Williams,4,1,3,18.8,0.5,0.5,0.5,1.0,0.0,0.0,0.0,1.0,0.0,0.0,0.0,0.0,0.0,0.0,0.0,0.0,2.0
1630288,Jeff Dowtin Jr.,25,17,8,17.6,0.2,0.0,0.0,1.0,0.1,0.1,1.0,0.2,0.2,0.0,0.25,0.0,0.0,0.0,0.667,0.167,0.667
1628975,Jevon Carter,81,57,24,38.5,0.3,0.0,0.1,0.333,0.0,0.0,0.0,0.0,0.2,0.0,0.133,0.0,0.045,0.0,0.682,0.0,0.182
203925,Joe Harris,74,40,34,21.8,0.3,0.1,0.1,0.727,0.0,0.0,0.0,0.2,0.1,0.0,0.286,0.0,0.053,0.0,0.368,0.0,0.842
204060,Joe Ingles,46,32,14,33.2,0.1,0.0,0.0,1.0,0.0,0.0,0.0,0.0,0.0,0.0,0.0,0.0,0.0,0.0,0.667,0.0,0.667
1630580,Joe Wieskamp,9,6,3,5.1,0.1,0.0,0.1,0.0,0.0,0.0,0.0,0.0,0.0,0.0,0.0,0.0,0.0,0.0,0.0,0.0,0.0
1629723,John Konchar,72,45,27,30.1,0.4,0.1,0.2,0.5,0.0,0.0,0.0,0.2,0.2,0.0,0.083,0.0,0.037,0.0,0.444,0.0,0.481
202322,John Wall,34,15,19,55.4,0.2,0.0,0.0,0.0,0.0,0.0,0.0,0.0,0.2,0.0,0.0,0.0,0.125,0.0,0.75,0.0,0.0
1631098,Johnny Davis,28,10,18,20.0,0.2,0.0,0.1,0.5,0.0,0.0,0.0,0.1,0.1,0.0,0.333,0.0,0.0,0.0,0.6,0.0,0.4
1630548,Johnny Juzang,18,6,12,16.3,0.1,0.1,0.1,0.5,0.0,0.0,0.0,0.1,0.0,0.0,0.0,0.0,0.0,0.0,0.0,0.0,1.0
203903,Jordan Clarkson,61,30,31,56.1,0.7,0.2,0.3,0.619,0.1,0.1,1.0,0.6,0.2,0.1,0.385,0.0,0.049,0.0,0.317,0.073,0.829
1630692,Jordan Goodwin,62,22,40,37.9,0.3,0.0,0.1,0.5,0.0,0.0,0.5,0.1,0.2,0.1,0.385,0.0,0.0,0.0,0.65,0.05,0.35
1631160,Jordan Hall,9,1,8,17.8,0.0,0.0,0.0,0.0,0.0,0.0,0.0,0.0,0.0,0.0,0.0,0.0,0.0,0.0,0.0,0.0,0.0
1629162,Jordan McLaughlin,42,21,21,35.5,0.2,0.0,0.0,1.0,0.0,0.0,0.0,0.1,0.1,0.0,0.4,0.0,0.125,0.0,0.625,0.0,0.5
1629673,Jordan Poole,81,43,38,65.7,0.7,0.3,0.4,0.727,0.1,0.1,0.9,0.7,0.2,0.0,0.176,0.0,0.068,0.1,0.288,0.085,0.983
1630648,Jordan Schakel,2,0,2,5.0,0.0,0.0,0.0,0.0,0.0,0.0,0.0,0.0,0.0,0.0,0.0,0.0,0.0,0.0,0.0,0.0,0.0
1630631,Jose Alvarado,61,30,31,46.0,0.2,0.1,0.1,1.0,0.0,0.0,0.0,0.2,0.1,0.0,0.2,0.0,0.0,0.0,0.5,0.0,1.0
1630528,Josh Christopher,64,16,48,18.7,0.2,0.1,0.1,0.667,0.0,0.0,0.0,0.1,0.1,0.0,0.0,0.0,0.167,0.0,0.333,0.0,0.667
1630581,Josh Giddey,76,34,42,76.7,1.3,0.4,0.6,0.673,0.1,0.1,0.857,0.9,0.5,0.1,0.225,0.0,0.02,0.0,0.404,0.03,0.727
1630182,Josh Green,60,27,33,34.2,0.7,0.2,0.3,0.813,0.1,0.1,0.667,0.5,0.3,0.1,0.25,0.0,0.049,0.1,0.488,0.073,0.756
1628404,Josh Hart,76,42,34,43.7,0.7,0.1,0.2,0.538,0.0,0.0,0.0,0.2,0.5,0.1,0.222,0.0,0.02,0.0,0.706,0.0,0.294
1629006,Josh Okogie,72,38,34,23.7,0.4,0.1,0.1,0.5,0.1,0.1,0.833,0.2,0.2,0.0,0.188,0.0,0.0,0.0,0.571,0.107,0.464
1626196,Josh Richardson,64,24,40,41.7,0.3,0.0,0.1,0.333,0.0,0.0,0.0,0.1,0.1,0.0,0.333,0.0,0.125,0.0,0.375,0.0,0.25
1630563,Joshua Primo,4,3,1,43.0,0.5,0.0,0.0,0.0,0.0,0.0,0.0,0.0,0.5,0.0,0.0,0.0,0.0,0.0,1.0,0.0,0.0
201950,Jrue Holiday,67,50,17,73.1,0.9,0.2,0.3,0.611,0.0,0.0,1.0,0.4,0.6,0.1,0.184,0.0,0.033,0.0,0.633,0.017,0.417
1630551,Justin Champagnie,5,4,1,10.0,0.8,0.0,0.4,0.0,0.0,0.0,0.0,0.0,0.4,0.2,0.5,0.0,0.0,0.0,0.5,0.0,0.0
203200,Justin Holiday,46,18,28,17.3,0.3,0.0,0.2,0.25,0.0,0.0,0.0,0.1,0.1,0.0,0.333,0.0,0.143,0.0,0.214,0.071,0.286
1626159,Justise Winslow,29,15,14,52.4,0.8,0.2,0.5,0.4,0.0,0.0,0.0,0.4,0.3,0.0,0.111,0.0,0.0,0.0,0.375,0.0,0.5
1629644,KZ Okpala,35,19,16,7.0,0.0,0.0,0.0,0.0,0.0,0.0,0.0,0.0,0.0,0.0,0.0,0.0,0.0,0.0,1.0,0.0,0.0
1629640,Keldon Johnson,61,16,45,57.7,0.9,0.3,0.5,0.516,0.1,0.2,0.9,0.7,0.3,0.1,0.375,0.0,0.036,0.1,0.291,0.091,0.818
1626162,Kelly Oubre Jr.,48,16,32,44.7,1.0,0.3,0.7,0.438,0.3,0.4,0.833,1.0,0.1,0.1,0.429,0.0,0.0,0.2,0.14,0.18,0.92
202689,Kemba Walker,9,5,4,28.7,0.0,0.0,0.0,0.0,0.0,0.0,0.0,0.0,0.0,0.0,0.0,0.0,0.0,0.0,0.0,0.0,0.0
1631112,Kendall Brown,6,1,5,6.7,0.0,0.0,0.0,0.0,0.0,0.0,0.0,0.0,0.0,0.0,0.0,0.0,0.0,0.0,0.0,0.0,0.0
1629134,Kendrick Nunn,70,30,40,20.4,0.2,0.1,0.1,0.833,0.0,0.0,0.0,0.1,0.1,0.1,0.625,0.0,0.125,0.0,0.5,0.0,0.625
1631113,Kennedy Chandler,36,22,14,16.3,0.1,0.0,0.0,1.0,0.0,0.0,0.0,0.1,0.0,0.0,0.0,0.0,0.5,0.0,0.0,0.0,1.0
1629026,Kenrich Williams,53,26,27,31.2,1.1,0.3,0.5,0.692,0.0,0.1,0.0,0.7,0.5,0.1,0.269,0.0,0.034,0.0,0.441,0.034,0.644
203484,Kentavious Caldwell-Pope,76,51,25,38.2,0.8,0.3,0.4,0.679,0.1,0.1,0.75,0.6,0.2,0.0,0.2,0.1,0.14,0.1,0.263,0.07,0.807
1631165,Keon Ellis,16,7,9,6.7,0.0,0.0,0.0,0.0,0.0,0.0,0.0,0.0,0.0,0.0,0.0,0.0,0.0,0.0,0.0,0.0,0.0
1630553,Keon Johnson,40,13,27,21.3,0.2,0.0,0.1,0.0,0.0,0.0,0.0,0.0,0.1,0.1,0.4,0.0,0.0,0.0,0.556,0.0,0.0
1628989,Kevin Huerter,75,44,31,44.0,0.8,0.3,0.4,0.625,0.1,0.1,0.833,0.6,0.3,0.1,0.174,0.0,0.0,0.0,0.383,0.05,0.783
1629645,Kevin Porter Jr.,59,18,41,79.0,0.7,0.1,0.3,0.375,0.0,0.0,0.0,0.2,0.3,0.1,0.176,0.1,0.077,0.0,0.436,0.0,0.308
1630284,Kevon Harris,34,12,22,13.4,0.3,0.1,0.1,0.75,0.0,0.0,0.0,0.2,0.1,0.0,0.0,0.0,0.0,0.0,0.444,0.0,0.667
1630165,Killian Hayes,75,16,59,62.1,0.3,0.1,0.2,0.538,0.0,0.0,0.0,0.2,0.1,0.0,0.429,0.0,0.048,0.0,0.333,0.0,0.667
1630184,Kira Lewis Jr.,25,11,14,20.4,0.1,0.0,0.0,1.0,0.0,0.0,0.0,0.1,0.0,0.0,0.0,0.0,0.0,0.0,0.5,0.0,1.0
202691,Klay Thompson,68,37,31,47.9,1.0,0.4,0.7,0.522,0.1,0.1,0.875,0.8,0.2,0.1,0.308,0.1,0.071,0.1,0.186,0.057,0.786
1628424,Kobi Simmons,5,1,4,8.4,0.0,0.0,0.0,0.0,0.0,0.0,0.0,0.0,0.0,0.0,0.0,0.0,0.0,0.0,0.0,0.0,0.0
1627739,Kris Dunn,22,8,14,65.4,0.4,0.1,0.1,0.667,0.0,0.0,0.0,0.2,0.2,0.1,0.4,0.0,0.0,0.0,0.625,0.0,0.5
203937,Kyle Anderson,68,35,33,52.5,1.7,0.3,0.5,0.629,0.0,0.0,0.0,0.6,1.1,0.3,0.306,0.1,0.035,0.0,0.632,0.0,0.386
200768,Kyle Lowry,55,30,25,69.6,0.3,0.0,0.1,0.667,0.0,0.0,0.0,0.1,0.2,0.1,0.333,0.0,0.111,0.0,0.667,0.0,0.222
202681,Kyrie Irving,60,32,28,75.7,1.3,0.4,0.6,0.703,0.1,0.1,1.0,1.0,0.5,0.2,0.345,0.1,0.053,0.0,0.387,0.027,0.773
1630163,LaMelo Ball,36,13,23,90.2,0.4,0.0,0.1,0.25,0.0,0.0,0.0,0.1,0.3,0.1,0.3,0.0,0.067,0.0,0.667,0.0,0.2
1629013,Landry Shamet,40,19,21,35.4,0.4,0.1,0.1,0.6,0.1,0.1,1.0,0.2,0.2,0.0,0.0,0.0,0.067,0.0,0.533,0.067,0.533
1631311,Lester Quinones,4,4,0,11.8,0.3,0.0,0.0,0.0,0.0,0.0,0.0,0.0,0.3,0.0,0.0,0.0,0.0,0.0,1.0,0.0,0.0
1629623,Lindell Wigginton,7,4,3,23.9,0.1,0.0,0.0,0.0,0.0,0.0,0.0,0.0,0.1,0.1,1.0,0.0,0.0,0.0,1.0,0.0,0.0
1629022,Lonnie Walker IV,56,27,29,25.2,0.4,0.1,0.2,0.667,0.0,0.0,1.0,0.3,0.1,0.0,0.0,0.1,0.25,0.0,0.25,0.05,0.7
1629652,Luguentz Dort,74,36,38,37.1,0.5,0.1,0.2,0.333,0.1,0.1,0.6,0.2,0.2,0.0,0.083,0.0,0.057,0.1,0.343,0.114,0.514
1629029,Luka Doncic,66,33,33,89.6,0.7,0.3,0.4,0.68,0.0,0.0,0.0,0.5,0.3,0.1,0.294,0.0,0.043,0.0,0.37,0.0,0.783
1628379,Luke Kennard,59,37,22,27.3,0.3,0.1,0.1,0.625,0.0,0.0,0.0,0.2,0.2,0.0,0.0,0.0,0.0,0.0,0.6,0.0,0.5
1630644,Mac McClung,2,2,0,37.5,0.5,0.5,0.5,1.0,0.0,0.0,0.0,1.0,0.0,0.0,0.0,0.0,0.0,0.0,0.0,0.0,2.0
1630201,Malachi Flynn,53,29,24,26.4,0.1,0.0,0.0,1.0,0.0,0.0,0.0,0.0,0.1,0.0,0.25,0.0,0.0,0.0,0.8,0.0,0.4
1627763,Malcolm Brogdon,67,46,21,53.1,0.4,0.1,0.1,0.9,0.0,0.0,0.0,0.3,0.2,0.0,0.143,0.0,0.0,0.0,0.56,0.0,0.76
1627736,Malik Beasley,81,45,36,34.3,0.3,0.1,0.2,0.526,0.0,0.0,0.0,0.2,0.0,0.0,0.0,0.0,0.0,0.0,0.095,0.0,0.952
1628370,Malik Monk,77,47,30,40.4,0.3,0.1,0.2,0.385,0.0,0.0,0.0,0.1,0.1,0.1,0.455,0.0,0.0,0.0,0.458,0.0,0.417
203935,Marcus Smart,61,43,18,59.6,0.4,0.1,0.1,0.8,0.0,0.0,0.0,0.1,0.2,0.0,0.2,0.0,0.077,0.0,0.577,0.0,0.308
1628365,Markelle Fultz,60,29,31,66.6,0.6,0.2,0.2,0.714,0.0,0.0,0.0,0.3,0.3,0.1,0.235,0.0,0.057,0.0,0.486,0.0,0.571
1629680,Matisse Thybulle,71,38,33,15.8,0.1,0.0,0.0,0.0,0.0,0.0,0.5,0.0,0.1,0.0,0.0,0.0,0.1,0.0,0.6,0.1,0.1
203521,Matthew Dellavedova,32,19,13,15.2,0.1,0.0,0.0,0.0,0.0,0.0,0.0,0.0,0.0,0.0,0.0,0.0,0.0,0.0,0.0,0.0,0.0
1631108,Max Christie,41,19,22,12.1,0.1,0.0,0.0,0.5,0.0,0.0,0.0,0.0,0.1,0.0,0.333,0.0,0.0,0.0,0.6,0.0,0.4
1629622,Max Strus,80,42,38,44.1,0.4,0.2,0.2,0.765,0.0,0.0,1.0,0.4,0.2,0.0,0.214,0.0,0.0,0.0,0.424,0.03,0.879
1630593,McKinley Wright IV,27,14,13,24.8,0.1,0.0,0.0,0.0,0.0,0.0,0.0,0.0,0.0,0.0,0.0,0.0,0.0,0.0,0.333,0.0,0.0
203487,Michael Carter-Williams,4,1,3,25.0,0.0,0.0,0.0,0.0,0.0,0.0,0.0,0.0,0.0,0.0,0.0,0.0,0.0,0.0,0.0,0.0,0.0
1628969,Mikal Bridges,27,12,15,52.7,0.6,0.1,0.3,0.429,0.0,0.0,0.0,0.3,0.3,0.0,0.0,0.0,0.0,0.0,0.467,0.0,0.467
201144,Mike Conley,66,33,33,70.2,0.3,0.0,0.1,0.75,0.0,0.0,1.0,0.1,0.2,0.0,0.1,0.1,0.19,0.0,0.476,0.048,0.381
1630540,Miles McBride,64,36,28,18.8,0.2,0.2,0.2,0.909,0.0,0.0,0.0,0.3,0.0,0.0,0.0,0.0,0.067,0.0,0.133,0.067,1.333
1628420,Monte Morris,62,28,34,57.9,0.2,0.0,0.0,1.0,0.0,0.0,0.0,0.1,0.1,0.0,0.25,0.0,0.083,0.0,0.667,0.0,0.583
1630541,Moses Moody,62,36,26,14.2,0.3,0.1,0.1,0.857,0.0,0.0,0.5,0.3,0.1,0.0,0.0,0.1,0.25,0.0,0.25,0.063,1.0
1629642,Nassir Little,54,22,32,22.4,0.2,0.1,0.1,0.75,0.0,0.1,0.5,0.2,0.1,0.0,0.333,0.0,0.1,0.0,0.3,0.2,0.9
1629638,Nickeil Alexander-Walker,58,28,30,28.2,0.2,0.0,0.1,0.2,0.1,0.1,0.75,0.1,0.1,0.0,0.0,0.0,0.083,0.0,0.333,0.167,0.417
201587,Nicolas Batum,78,44,34,28.8,0.5,0.1,0.1,0.833,0.0,0.1,0.5,0.2,0.3,0.0,0.038,0.0,0.028,0.0,0.722,0.056,0.333
1626181,Norman Powell,60,31,29,35.9,0.4,0.1,0.2,0.333,0.1,0.1,1.0,0.2,0.2,0.1,0.3,0.0,0.0,0.0,0.417,0.083,0.5
1630534,Ochai Agbaji,59,29,30,22.9,0.5,0.2,0.3,0.625,0.0,0.1,0.5,0.4,0.2,0.0,0.182,0.0,0.0,0.0,0.367,0.067,0.733
1629052,Oshae Brissett,65,27,38,26.4,0.4,0.1,0.2,0.533,0.1,0.1,1.0,0.3,0.1,0.0,0.375,0.0,0.037,0.0,0.296,0.074,0.741
1628408,PJ Dozier,16,11,5,10.9,0.1,0.1,0.1,0.5,0.0,0.0,0.0,0.1,0.0,0.0,0.0,0.0,0.0,0.0,0.0,0.0,1.0
1626192,Pat Connaughton,61,43,18,33.0,0.4,0.1,0.1,0.75,0.0,0.0,0.5,0.2,0.2,0.0,0.071,0.0,0.0,0.0,0.583,0.042,0.583
201976,Patrick Beverley,67,34,33,39.7,0.4,0.1,0.1,0.667,0.0,0.0,0.0,0.2,0.2,0.0,0.091,0.0,0.125,0.0,0.458,0.0,0.583
201988,Patty Mills,40,18,22,19.9,0.2,0.0,0.1,0.333,0.0,0.0,0.0,0.1,0.1,0.0,0.0,0.0,0.0,0.0,0.5,0.0,0.333
1630202,Payton Pritchard,48,32,16,24.2,0.2,0.1,0.1,0.667,0.0,0.0,0.0,0.2,0.1,0.0,0.0,0.0,0.0,0.0,0.4,0.0,0.8
1631212,Peyton Watson,23,13,10,10.3,0.1,0.0,0.1,0.5,0.0,0.0,0.0,0.1,0.0,0.0,0.0,0.0,0.0,0.0,0.0,0.0,1.0
1629656,Quentin Grimes,71,41,30,31.4,0.5,0.2,0.2,0.688,0.1,0.1,1.0,0.4,0.2,0.1,0.455,0.0,0.031,0.0,0.344,0.094,0.906
1631245,Quenton Jackson,9,3,6,26.4,0.1,0.0,0.0,0.0,0.0,0.0,0.0,0.0,0.1,0.1,1.0,0.0,0.0,0.0,1.0,0.0,0.0
1630181,R.J. Hampton,47,9,38,23.7,0.3,0.1,0.1,0.571,0.0,0.0,0.0,0.2,0.1,0.0,0.333,0.0,0.0,0.0,0.462,0.0,0.692
1629628,RJ Barrett,73,40,33,50.7,1.1,0.4,0.6,0.6,0.1,0.1,0.9,0.9,0.3,0.1,0.217,0.0,0.039,0.1,0.299,0.065,0.844
203526,Raul Neto,48,31,17,20.8,0.1,0.0,0.0,1.0,0.0,0.0,0.0,0.0,0.0,0.0,0.5,0.0,0.0,0.0,0.667,0.0,0.667
203493,Reggie Bullock,78,37,41,34.1,0.2,0.1,0.1,0.714,0.0,0.0,0.0,0.1,0.1,0.0,0.167,0.0,0.071,0.0,0.429,0.0,0.714
202704,Reggie Jackson,68,36,32,48.9,0.4,0.1,0.1,0.6,0.1,0.1,1.0,0.2,0.2,0.1,0.333,0.0,0.074,0.0,0.444,0.074,0.593
201937,Ricky Rubio,33,23,10,39.4,0.3,0.0,0.1,0.0,0.0,0.0,0.0,0.0,0.2,0.1,0.5,0.1,0.2,0.0,0.6,0.0,0.0
203585,Rodney McGruder,32,4,28,18.7,0.2,0.0,0.1,0.5,0.0,0.0,0.0,0.1,0.1,0.0,0.25,0.0,0.0,0.0,0.667,0.0,0.333
1629641,Romeo Langford,40,13,27,21.9,0.4,0.1,0.2,0.571,0.1,0.1,1.0,0.3,0.2,0.0,0.143,0.0,0.0,0.0,0.467,0.067,0.667
200752,Rudy Gay,56,29,27,23.6,0.7,0.1,0.2,0.583,0.1,0.1,1.0,0.4,0.3,0.0,0.053,0.0,0.054,0.0,0.514,0.054,0.541
201566,Russell Westbrook,73,36,37,64.1,0.6,0.2,0.3,0.458,0.1,0.1,1.0,0.4,0.2,0.1,0.308,0.0,0.064,0.0,0.277,0.043,0.596
1627853,Ryan Arcidiacono,20,9,11,19.6,0.1,0.0,0.1,0.0,0.0,0.0,0.0,0.0,0.1,0.0,0.0,0.0,0.0,0.0,0.5,0.0,0.0
1631157,Ryan Rollins,12,5,7,11.6,0.1,0.0,0.0,0.0,0.0,0.0,0.0,0.0,0.0,0.0,0.0,0.1,1.0,0.0,0.0,0.0,0.0
1630240,Saben Lee,25,15,10,34.3,0.2,0.0,0.0,0.0,0.0,0.0,0.0,0.0,0.2,0.1,0.5,0.0,0.0,0.0,1.0,0.0,0.0
1630241,Sam Merrill,5,4,1,17.4,0.4,0.2,0.2,1.0,0.4,0.4,1.0,0.8,0.0,0.0,0.0,0.0,0.0,0.0,0.0,0.0,2.0
1630590,Scotty Pippen Jr.,6,1,5,12.0,0.3,0.0,0.2,0.0,0.0,0.0,0.0,0.0,0.2,0.0,0.0,0.0,0.0,0.0,0.5,0.0,0.0
203552,Seth Curry,61,37,24,32.2,0.1,0.0,0.0,0.333,0.0,0.0,0.0,0.0,0.1,0.0,0.0,0.0,0.0,0.0,0.625,0.0,0.25
1631101,Shaedon Sharpe,80,32,48,26.1,0.4,0.2,0.2,0.684,0.0,0.0,0.0,0.3,0.1,0.0,0.0,0.0,0.065,0.0,0.29,0.0,0.839
1628983,Shai Gilgeous-Alexander,68,33,35,73.1,0.8,0.4,0.5,0.75,0.1,0.1,0.75,0.9,0.2,0.0,0.091,0.0,0.054,0.0,0.196,0.054,1.089
1629003,Shake Milton,76,52,24,39.1,0.2,0.1,0.1,0.75,0.0,0.0,0.5,0.2,0.1,0.0,0.5,0.0,0.067,0.0,0.267,0.067,0.867
1627885,Shaquille Harrison,4,1,3,57.3,0.8,0.5,0.8,0.667,0.0,0.0,0.0,1.0,0.0,0.0,0.0,0.0,0.0,0.0,0.0,0.0,1.333
1630219,Skylar Mays,5,1,4,80.2,0.4,0.0,0.0,0.0,0.0,0.0,0.0,0.0,0.4,0.0,0.0,0.0,0.0,0.0,1.0,0.0,0.0
203915,Spencer Dinwiddie,79,41,38,69.0,0.2,0.0,0.0,0.667,0.0,0.0,0.0,0.1,0.2,0.0,0.25,0.0,0.0,0.0,0.8,0.0,0.267
1626169,Stanley Johnson,29,5,24,26.0,0.6,0.1,0.2,0.5,0.0,0.1,0.5,0.2,0.3,0.1,0.3,0.0,0.056,0.0,0.556,0.056,0.389
1630649,Stanley Umude,1,0,1,3.0,0.0,0.0,0.0,0.0,0.0,0.0,0.0,0.0,0.0,0.0,0.0,0.0,0.0,0.0,0.0,0.0,0.0
201939,Stephen Curry,55,29,26,79.3,0.8,0.3,0.5,0.72,0.1,0.1,1.0,0.8,0.2,0.0,0.182,0.1,0.065,0.1,0.239,0.087,1.0
1628425,Sterling Brown,4,2,2,6.0,0.0,0.0,0.0,0.0,0.0,0.0,0.0,0.0,0.0,0.0,0.0,0.0,0.0,0.0,0.0,0.0,0.0
1629004,Svi Mykhailiuk,32,16,16,19.7,0.2,0.1,0.1,1.0,0.1,0.1,0.75,0.2,0.1,0.0,0.0,0.0,0.143,0.1,0.286,0.286,1.0
204456,T.J. McConnell,75,31,44,54.9,0.4,0.0,0.1,0.429,0.0,0.0,0.0,0.1,0.3,0.0,0.1,0.0,0.1,0.0,0.667,0.0,0.2
1629659,Talen Horton-Tucker,65,30,35,45.4,0.2,0.0,0.1,0.6,0.0,0.0,0.0,0.1,0.1,0.0,0.333,0.0,0.083,0.0,0.5,0.0,0.583
1629611,Terance Mann,81,44,37,37.0,0.5,0.1,0.2,0.667,0.1,0.1,0.833,0.3,0.2,0.0,0.2,0.0,0.073,0.0,0.488,0.073,0.659
1629056,Terence Davis,64,38,26,20.6,0.1,0.0,0.0,1.0,0.0,0.0,0.0,0.0,0.1,0.0,0.5,0.0,0.0,0.0,0.8,0.0,0.4
203082,Terrence Ross,63,27,36,21.8,0.1,0.0,0.1,0.286,0.0,0.0,0.0,0.1,0.0,0.0,0.0,0.0,0.111,0.0,0.111,0.0,0.444
1626179,Terry Rozier,63,19,44,75.2,0.5,0.1,0.3,0.375,0.1,0.1,1.0,0.3,0.1,0.0,0.222,0.0,0.063,0.1,0.281,0.125,0.625
1630177,Theo Maledon,44,14,30,47.3,0.1,0.0,0.0,0.0,0.0,0.0,0.0,0.0,0.1,0.0,0.333,0.0,0.0,0.0,1.0,0.0,0.0
1629033,Theo Pinson,40,19,21,16.2,0.2,0.1,0.1,0.75,0.0,0.1,0.5,0.2,0.1,0.0,0.5,0.0,0.0,0.0,0.286,0.143,1.0
203501,Tim Hardaway Jr.,71,37,34,44.8,0.4,0.1,0.2,0.692,0.0,0.1,0.5,0.3,0.2,0.1,0.308,0.0,0.0,0.0,0.448,0.069,0.793
1629027,Trae Young,73,38,35,80.3,0.4,0.1,0.1,0.714,0.0,0.0,1.0,0.2,0.2,0.0,0.154,0.1,0.192,0.0,0.5,0.038,0.462
1630200,Tre Jones,65,19,46,67.1,0.4,0.1,0.1,0.875,0.1,0.1,1.0,0.3,0.3,0.1,0.353,0.0,0.069,0.0,0.586,0.069,0.621
1630544,Tre Mann,67,31,36,30.3,0.1,0.0,0.1,0.6,0.0,0.0,0.0,0.1,0.0,0.0,0.5,0.0,0.0,0.0,0.286,0.0,0.857
1630235,Trent Forrest,23,9,14,20.5,0.2,0.1,0.1,1.0,0.0,0.0,0.0,0.2,0.1,0.0,0.5,0.0,0.0,0.0,0.5,0.0,1.0
1630243,Trevelin Queen,7,2,5,17.3,0.6,0.0,0.3,0.0,0.0,0.0,0.0,0.0,0.3,0.0,0.0,0.0,0.0,0.0,0.5,0.0,0.0
1631309,Trevor Hudgins,5,0,5,12.2,0.0,0.0,0.0,0.0,0.0,0.0,0.0,0.0,0.0,0.0,0.0,0.0,0.0,0.0,0.0,0.0,0.0
1631211,Trevor Keels,3,3,0,2.7,0.0,0.0,0.0,0.0,0.0,0.0,0.0,0.0,0.0,0.0,0.0,0.0,0.0,0.0,0.0,0.0,0.0
1628972,Troy Brown Jr.,76,40,36,26.7,0.6,0.1,0.2,0.412,0.1,0.1,0.875,0.3,0.2,0.1,0.222,0.0,0.047,0.0,0.419,0.07,0.488
1629660,Ty Jerome,45,22,23,39.2,0.3,0.1,0.1,0.75,0.0,0.0,0.0,0.1,0.2,0.0,0.0,0.0,0.071,0.0,0.571,0.0,0.429
1631102,TyTy Washington Jr.,31,6,25,28.5,0.1,0.0,0.1,0.333,0.0,0.0,0.0,0.1,0.0,0.0,0.0,0.0,0.0,0.0,0.0,0.0,0.667
1628416,Tyler Dorsey,3,2,1,2.3,0.3,0.3,0.3,1.0,0.0,0.0,0.0,0.7,0.0,0.0,0.0,0.0,0.0,0.0,0.0,0.0,2.0
1629639,Tyler Herro,67,37,30,65.5,0.4,0.1,0.2,0.6,0.0,0.0,0.0,0.3,0.1,0.0,0.2,0.0,0.103,0.0,0.345,0.0,0.621
1630169,Tyrese Haliburton,56,28,28,94.2,0.3,0.1,0.1,0.571,0.0,0.0,0.0,0.2,0.1,0.0,0.2,0.0,0.071,0.0,0.357,0.0,0.714
1631213,Tyrese Martin,16,10,6,5.4,0.1,0.1,0.1,1.0,0.0,0.0,0.0,0.1,0.0,0.0,0.0,0.0,0.0,0.0,0.0,0.0,2.0
1630178,Tyrese Maxey,60,39,21,68.5,0.2,0.1,0.1,0.714,0.0,0.0,0.0,0.2,0.1,0.0,0.4,0.0,0.077,0.0,0.385,0.0,0.923
1626145,Tyus Jones,80,51,29,55.0,0.1,0.0,0.0,1.0,0.0,0.0,0.0,0.0,0.0,0.0,0.0,0.0,0.375,0.0,0.375,0.0,0.25
203506,Victor Oladipo,42,23,19,49.8,0.3,0.0,0.1,0.25,0.0,0.0,1.0,0.1,0.1,0.0,0.0,0.0,0.0,0.0,0.545,0.091,0.364
1631246,Vince Williams Jr.,15,7,8,8.1,0.1,0.0,0.1,0.0,0.0,0.0,0.0,0.0,0.1,0.0,0.0,0.0,0.0,0.0,0.5,0.0,0.0
1630249,Vit Krejci,29,15,14,6.9,0.1,0.0,0.0,0.0,0.0,0.1,0.5,0.0,0.0,0.0,0.0,0.0,0.25,0.0,0.25,0.25,0.25
1631111,Wendell Moore Jr.,28,15,13,9.4,0.1,0.0,0.0,1.0,0.1,0.1,1.0,0.1,0.0,0.0,0.0,0.0,0.25,0.0,0.25,0.25,1.0
202083,Wesley Matthews,52,37,15,14.6,0.2,0.0,0.1,0.333,0.0,0.0,1.0,0.1,0.2,0.1,0.375,0.0,0.0,0.0,0.667,0.083,0.333
203115,Will Barton,56,27,29,29.6,0.3,0.1,0.1,0.5,0.0,0.0,1.0,0.2,0.1,0.0,0.2,0.0,0.067,0.0,0.333,0.067,0.667
1629875,Xavier Moon,4,2,2,11.3,0.0,0.0,0.0,0.0,0.0,0.0,0.0,0.0,0.0,0.0,0.0,0.0,0.0,0.0,0.0,0.0,0.0
1629139,Yuta Watanabe,58,30,28,17.0,0.4,0.1,0.1,0.6,0.0,0.0,0.5,0.1,0.3,0.1,0.267,0.0,0.0,0.0,0.714,0.048,0.333
203897,Zach LaVine,76,37,39,61.9,0.6,0.2,0.3,0.6,0.1,0.1,1.0,0.4,0.2,0.0,0.167,0.1,0.119,0.0,0.286,0.071,0.714
