PLAYER_ID,PLAYER_NAME,GP,W,L,TOUCHES,PAINT_TOUCHES,PAINT_TOUCH_FGM,PAINT_TOUCH_FGA,PAINT_TOUCH_FG_PCT,PAINT_TOUCH_FTM,PAINT_TOUCH_FTA,PAINT_TOUCH_FT_PCT,PAINT_TOUCH_PTS,PAINT_TOUCH_PTS_PCT,PAINT_TOUCH_PASSES,PAINT_TOUCH_PASSES_PCT,PAINT_TOUCH_AST,PAINT_TOUCH_AST_PCT,PAINT_TOUCH_TOV,PAINT_TOUCH_TOV_PCT,PAINT_TOUCH_FOULS,PAINT_TOUCH_FOULS_PCT
1630639,A.J. Lawson,15,5,10,9.8,0.6,0.4,0.4,1.0,0.1,0.1,0.5,0.9,1.444,0.1,0.111,0.0,0.0,0.0,0.0,0.1,0.111
1631260,AJ Green,35,27,8,12.1,0.3,0.1,0.1,0.6,0.1,0.1,1.0,0.2,0.667,0.1,0.333,0.0,0.083,0.0,0.083,0.0,0.083
1628988,Aaron Holiday,63,32,31,20.5,0.4,0.1,0.2,0.429,0.0,0.0,1.0,0.2,0.609,0.1,0.304,0.0,0.0,0.0,0.0,0.0,0.043
1630174,Aaron Nesmith,73,30,43,36.1,1.1,0.4,0.6,0.591,0.1,0.1,1.0,0.8,0.792,0.2,0.221,0.0,0.039,0.1,0.091,0.0,0.039
1630598,Aaron Wiggins,70,37,33,20.9,2.1,0.8,1.3,0.659,0.3,0.3,0.87,1.9,0.9,0.5,0.253,0.2,0.08,0.1,0.06,0.2,0.073
202692,Alec Burks,50,12,38,34.6,0.4,0.1,0.2,0.444,0.0,0.0,1.0,0.2,0.611,0.1,0.333,0.0,0.056,0.0,0.111,0.0,0.056
1627936,Alex Caruso,66,32,34,42.1,1.3,0.3,0.6,0.605,0.1,0.1,0.875,0.8,0.624,0.6,0.435,0.2,0.141,0.0,0.024,0.1,0.047
1631214,Alondes Williams,1,1,0,9.0,0.0,0.0,0.0,0.0,0.0,0.0,0.0,0.0,0.0,0.0,0.0,0.0,0.0,0.0,0.0,0.0,0.0
1629599,Amir Coffey,50,26,24,13.6,0.2,0.0,0.1,0.5,0.0,0.0,0.0,0.1,0.333,0.1,0.5,0.0,0.083,0.0,0.0,0.0,0.0
2738,Andre Iguodala,7,2,5,24.4,1.3,0.6,0.6,1.0,0.0,0.0,0.0,1.1,0.889,0.6,0.444,0.1,0.111,0.0,0.0,0.0,0.0
1629614,Andrew Nembhard,75,32,43,49.3,0.6,0.2,0.3,0.571,0.0,0.0,0.0,0.3,0.532,0.3,0.489,0.1,0.085,0.0,0.064,0.0,0.0
1629014,Anfernee Simons,62,27,35,67.4,0.6,0.3,0.4,0.64,0.0,0.0,0.0,0.5,0.842,0.2,0.289,0.0,0.026,0.0,0.053,0.0,0.0
1630162,Anthony Edwards,78,39,39,71.4,0.9,0.4,0.6,0.767,0.0,0.1,0.5,0.9,1.0,0.3,0.292,0.0,0.028,0.0,0.028,0.0,0.042
1630559,Austin Reaves,64,35,29,41.9,0.9,0.2,0.4,0.6,0.1,0.1,1.0,0.6,0.709,0.4,0.436,0.1,0.109,0.0,0.018,0.0,0.055
203085,Austin Rivers,52,25,27,22.8,0.1,0.0,0.1,0.5,0.0,0.0,0.0,0.1,0.571,0.0,0.286,0.0,0.0,0.0,0.0,0.0,0.0
1630245,Ayo Dosunmu,79,39,40,42.7,0.6,0.3,0.4,0.636,0.1,0.1,1.0,0.6,0.96,0.1,0.2,0.0,0.04,0.1,0.08,0.0,0.04
1627732,Ben Simmons,42,24,18,61.4,4.0,1.6,2.3,0.711,0.1,0.2,0.3,3.4,0.846,1.4,0.337,0.3,0.083,0.2,0.041,0.1,0.03
1631097,Bennedict Mathurin,78,33,45,42.0,1.7,0.7,1.1,0.659,0.4,0.4,0.853,1.8,1.052,0.3,0.164,0.0,0.0,0.1,0.03,0.2,0.112
1631104,Blake Wesley,34,8,26,36.2,0.8,0.1,0.3,0.444,0.1,0.2,0.667,0.4,0.462,0.4,0.462,0.0,0.038,0.1,0.077,0.1,0.077
203992,Bogdan Bogdanovic,54,27,27,40.5,0.5,0.1,0.2,0.615,0.0,0.0,1.0,0.3,0.72,0.2,0.4,0.1,0.12,0.0,0.04,0.0,0.04
1630538,Bones Hyland,56,36,20,45.7,0.4,0.1,0.2,0.667,0.1,0.1,1.0,0.3,0.762,0.1,0.333,0.0,0.0,0.0,0.095,0.0,0.048
203078,Bradley Beal,50,24,26,67.9,1.6,0.6,0.9,0.689,0.2,0.2,0.833,1.5,0.938,0.5,0.3,0.1,0.063,0.1,0.05,0.1,0.075
1630527,Brandon Boston Jr.,22,9,13,19.5,0.5,0.1,0.3,0.286,0.0,0.1,0.5,0.2,0.5,0.0,0.1,0.0,0.1,0.0,0.0,0.0,0.1
1628971,Bruce Brown,80,53,27,51.6,1.9,0.7,1.0,0.671,0.3,0.4,0.806,1.7,0.913,0.6,0.302,0.1,0.067,0.1,0.034,0.2,0.101
1631121,Bryce McGowens,46,16,30,19.0,0.6,0.2,0.3,0.643,0.1,0.1,0.75,0.5,0.808,0.2,0.308,0.0,0.0,0.0,0.038,0.0,0.077
1627854,Bryn Forbes,25,9,16,11.9,0.1,0.0,0.0,1.0,0.0,0.0,0.0,0.1,1.0,0.0,0.333,0.0,0.0,0.0,0.333,0.0,0.0
1627741,Buddy Hield,80,35,45,58.7,0.9,0.3,0.4,0.771,0.1,0.1,0.833,0.8,0.941,0.3,0.397,0.1,0.074,0.0,0.015,0.0,0.029
203468,CJ McCollum,75,38,37,75.1,0.6,0.2,0.3,0.609,0.0,0.0,0.5,0.4,0.644,0.2,0.333,0.1,0.133,0.1,0.089,0.0,0.022
1630595,Cade Cunningham,12,3,9,78.3,0.9,0.3,0.4,0.6,0.3,0.3,1.0,0.8,0.909,0.3,0.273,0.1,0.091,0.1,0.091,0.2,0.182
1631216,Caleb Houstan,51,20,31,13.9,0.7,0.2,0.4,0.524,0.0,0.0,1.0,0.5,0.686,0.2,0.257,0.1,0.086,0.1,0.086,0.0,0.029
1629629,Cam Reddish,40,14,26,28.5,0.7,0.4,0.5,0.762,0.0,0.1,0.5,0.8,1.138,0.1,0.172,0.0,0.034,0.1,0.069,0.0,0.034
1630560,Cam Thomas,57,30,27,28.9,0.2,0.1,0.1,0.75,0.1,0.1,1.0,0.3,1.231,0.1,0.231,0.0,0.154,0.0,0.0,0.0,0.077
1626166,Cameron Payne,48,27,21,49.6,0.2,0.1,0.1,0.8,0.0,0.0,0.0,0.2,0.8,0.1,0.5,0.0,0.2,0.0,0.0,0.0,0.0
1627747,Caris LeVert,74,45,29,47.1,1.0,0.2,0.4,0.469,0.1,0.1,0.7,0.5,0.5,0.4,0.434,0.1,0.066,0.1,0.053,0.1,0.066
1630637,Carlik Jones,6,3,3,14.3,0.2,0.0,0.0,0.0,0.0,0.0,0.0,0.0,0.0,0.0,0.0,0.0,0.0,0.2,1.0,0.0,0.0
1630537,Chris Duarte,46,19,27,29.1,0.5,0.2,0.3,0.692,0.0,0.0,1.0,0.4,0.87,0.1,0.174,0.0,0.0,0.1,0.174,0.0,0.043
101108,Chris Paul,59,33,26,74.5,0.3,0.1,0.1,0.6,0.1,0.1,0.6,0.1,0.368,0.2,0.526,0.0,0.105,0.1,0.158,0.0,0.053
1631128,Christian Braun,76,49,27,18.3,1.1,0.3,0.5,0.629,0.1,0.2,0.667,0.7,0.663,0.4,0.4,0.1,0.075,0.1,0.05,0.1,0.075
1629632,Coby White,73,36,37,38.4,0.2,0.0,0.1,0.6,0.0,0.0,0.5,0.1,0.538,0.1,0.385,0.0,0.154,0.0,0.154,0.0,0.077
1630175,Cole Anthony,60,28,32,52.9,1.0,0.3,0.5,0.621,0.2,0.2,0.9,0.8,0.793,0.4,0.362,0.1,0.052,0.0,0.017,0.1,0.086
1629012,Collin Sexton,48,24,24,45.9,1.2,0.4,0.7,0.576,0.3,0.3,1.0,1.1,0.881,0.3,0.203,0.1,0.051,0.1,0.051,0.1,0.102
202709,Cory Joseph,62,12,50,40.5,0.3,0.1,0.2,0.6,0.0,0.0,0.0,0.2,0.6,0.1,0.45,0.0,0.05,0.0,0.0,0.0,0.0
1626156,D'Angelo Russell,71,39,32,79.2,0.7,0.2,0.4,0.586,0.1,0.1,1.0,0.6,0.769,0.3,0.365,0.1,0.096,0.0,0.019,0.0,0.038
1630227,Daishen Nix,57,15,42,36.0,0.2,0.1,0.1,0.6,0.1,0.1,0.75,0.2,0.692,0.1,0.385,0.0,0.077,0.0,0.077,0.0,0.154
203081,Damian Lillard,58,27,31,88.1,0.6,0.1,0.3,0.533,0.1,0.1,1.0,0.3,0.556,0.2,0.389,0.0,0.028,0.1,0.083,0.0,0.056
1627814,Damion Lee,74,40,34,28.6,0.5,0.1,0.3,0.579,0.0,0.0,1.0,0.3,0.6,0.2,0.45,0.0,0.025,0.0,0.025,0.0,0.025
201980,Danny Green,11,6,5,18.8,0.5,0.3,0.3,1.0,0.0,0.0,0.0,0.5,1.2,0.2,0.4,0.0,0.0,0.0,0.0,0.0,0.0
1627863,Danuel House Jr.,56,38,18,16.7,0.5,0.2,0.3,0.8,0.1,0.1,0.5,0.5,1.038,0.1,0.231,0.0,0.038,0.0,0.077,0.1,0.115
1629636,Darius Garland,69,40,29,76.7,0.6,0.2,0.3,0.722,0.1,0.1,1.0,0.4,0.732,0.3,0.463,0.1,0.122,0.0,0.024,0.0,0.049
1630561,David Duke Jr.,23,10,13,13.9,0.5,0.1,0.2,0.6,0.1,0.2,0.75,0.4,0.818,0.1,0.273,0.0,0.0,0.0,0.0,0.1,0.182
1630558,Davion Mitchell,80,47,33,35.1,0.4,0.1,0.2,0.733,0.0,0.0,0.0,0.3,0.719,0.2,0.5,0.1,0.188,0.0,0.031,0.0,0.0
1628432,Davon Reed,43,29,14,14.6,0.3,0.0,0.1,0.5,0.0,0.0,0.0,0.1,0.286,0.1,0.429,0.0,0.0,0.1,0.214,0.0,0.0
1628368,De'Aaron Fox,73,44,29,78.2,0.7,0.3,0.4,0.808,0.1,0.1,0.75,0.7,1.0,0.1,0.208,0.1,0.104,0.0,0.063,0.0,0.063
1629631,De'Andre Hunter,67,35,32,38.0,1.2,0.4,0.8,0.588,0.2,0.2,0.786,1.1,0.913,0.2,0.188,0.1,0.063,0.0,0.038,0.1,0.088
1629001,De'Anthony Melton,77,50,27,47.6,1.2,0.2,0.4,0.5,0.1,0.1,0.8,0.5,0.426,0.6,0.489,0.1,0.106,0.1,0.064,0.1,0.053
201942,DeMar DeRozan,73,36,37,59.4,0.6,0.2,0.4,0.414,0.1,0.1,1.0,0.4,0.721,0.1,0.209,0.0,0.07,0.0,0.0,0.0,0.07
1627749,Dejounte Murray,74,38,36,72.6,1.1,0.4,0.6,0.587,0.1,0.1,1.0,0.8,0.723,0.4,0.361,0.1,0.108,0.0,0.012,0.0,0.024
1626153,Delon Wright,50,26,24,47.5,1.2,0.3,0.4,0.619,0.1,0.1,1.0,0.7,0.576,0.6,0.508,0.1,0.068,0.1,0.068,0.1,0.051
203471,Dennis Schroder,67,37,30,54.8,0.3,0.1,0.1,0.556,0.0,0.0,0.0,0.1,0.476,0.1,0.333,0.0,0.0,0.1,0.19,0.0,0.048
1628372,Dennis Smith Jr.,54,19,35,53.9,0.9,0.3,0.5,0.692,0.1,0.1,0.875,0.8,0.843,0.2,0.255,0.0,0.0,0.1,0.157,0.1,0.078
1629126,Deonte Burton,2,1,1,2.0,0.0,0.0,0.0,0.0,0.0,0.0,0.0,0.0,0.0,0.0,0.0,0.0,0.0,0.0,0.0,0.0,0.0
1631220,Dereon Seabron,5,2,3,2.8,0.2,0.2,0.2,1.0,0.0,0.0,0.0,0.4,2.0,0.0,0.0,0.0,0.0,0.0,0.0,0.0,0.0
201565,Derrick Rose,27,12,15,26.9,0.4,0.2,0.3,0.556,0.0,0.1,0.5,0.4,1.0,0.0,0.091,0.0,0.0,0.0,0.0,0.0,0.091
1628401,Derrick White,82,57,25,47.6,1.1,0.3,0.5,0.605,0.1,0.2,0.733,0.8,0.708,0.4,0.382,0.1,0.135,0.0,0.045,0.1,0.079
1630217,Desmond Bane,58,38,20,63.8,0.9,0.4,0.6,0.636,0.1,0.1,1.0,0.9,0.98,0.2,0.255,0.0,0.02,0.0,0.02,0.1,0.059
1626164,Devin Booker,53,34,19,64.1,1.4,0.5,0.8,0.61,0.2,0.2,0.833,1.1,0.773,0.3,0.24,0.1,0.04,0.1,0.053,0.1,0.067
1630170,Devin Vassell,38,12,26,53.2,0.6,0.2,0.4,0.571,0.1,0.1,0.75,0.5,0.905,0.1,0.238,0.0,0.0,0.0,0.0,0.1,0.095
1629653,Devon Dotson,6,1,5,16.3,0.5,0.0,0.0,0.0,0.0,0.0,0.0,0.0,0.0,0.5,1.0,0.0,0.0,0.0,0.0,0.0,0.0
1628984,Devonte' Graham,73,31,42,34.9,0.2,0.1,0.1,1.0,0.0,0.0,0.0,0.1,0.667,0.1,0.417,0.0,0.083,0.0,0.25,0.0,0.0
1628415,Dillon Brooks,73,46,27,41.2,0.8,0.3,0.5,0.525,0.1,0.1,1.0,0.7,0.828,0.2,0.19,0.0,0.017,0.0,0.052,0.0,0.034
1628378,Donovan Mitchell,68,44,24,67.7,1.0,0.4,0.6,0.634,0.0,0.0,0.5,0.8,0.8,0.2,0.229,0.0,0.014,0.1,0.086,0.0,0.014
1631495,Donovan Williams,2,1,1,3.5,0.5,0.5,0.5,1.0,0.0,0.0,0.0,1.0,2.0,0.0,0.0,0.0,0.0,0.0,0.0,0.0,0.0
1628978,Donte DiVincenzo,71,41,30,48.3,1.6,0.5,0.7,0.604,0.1,0.1,1.0,1.0,0.637,0.7,0.416,0.1,0.071,0.1,0.035,0.0,0.018
1630696,Dru Smith,15,7,8,18.7,0.4,0.1,0.1,1.0,0.0,0.0,0.0,0.1,0.333,0.3,0.667,0.0,0.0,0.1,0.167,0.0,0.0
1630613,Duane Washington Jr.,31,17,14,30.0,0.1,0.0,0.0,0.0,0.0,0.0,0.0,0.0,0.0,0.0,0.5,0.0,0.0,0.0,0.5,0.0,0.0
1629685,Dylan Windler,3,3,0,6.3,0.0,0.0,0.0,0.0,0.0,0.0,0.0,0.0,0.0,0.0,0.0,0.0,0.0,0.0,0.0,0.0,0.0
1630700,Dyson Daniels,59,33,26,29.1,0.8,0.3,0.4,0.783,0.0,0.0,1.0,0.7,0.813,0.3,0.375,0.1,0.083,0.1,0.063,0.0,0.021
1628410,Edmond Sumner,53,33,20,23.4,0.6,0.3,0.4,0.737,0.1,0.1,1.0,0.7,1.061,0.2,0.273,0.1,0.121,0.0,0.061,0.0,0.061
201569,Eric Gordon,69,25,44,38.6,0.4,0.2,0.3,0.737,0.1,0.1,1.0,0.5,1.28,0.0,0.12,0.0,0.0,0.0,0.0,0.0,0.08
203095,Evan Fournier,27,15,12,22.3,0.2,0.1,0.1,0.667,0.0,0.0,0.0,0.1,0.8,0.0,0.2,0.0,0.0,0.0,0.2,0.0,0.0
1630267,Facundo Campazzo,8,2,6,14.9,0.1,0.0,0.0,0.0,0.0,0.0,0.0,0.0,0.0,0.1,1.0,0.1,1.0,0.0,0.0,0.0,0.0
1628402,Frank Jackson,1,0,1,10.0,1.0,0.0,1.0,0.0,0.0,0.0,0.0,0.0,0.0,0.0,0.0,0.0,0.0,0.0,0.0,0.0,0.0
1628373,Frank Ntilikina,47,20,27,17.8,0.2,0.0,0.1,0.5,0.0,0.0,0.0,0.1,0.5,0.0,0.125,0.0,0.125,0.0,0.25,0.0,0.0
1627832,Fred VanVleet,69,34,35,84.6,0.2,0.1,0.1,0.6,0.0,0.0,0.0,0.2,0.8,0.1,0.333,0.0,0.2,0.0,0.0,0.0,0.0
1627788,Furkan Korkmaz,37,24,13,14.2,0.4,0.2,0.2,0.75,0.1,0.2,0.5,0.4,1.231,0.1,0.154,0.0,0.0,0.0,0.0,0.1,0.231
1629216,Gabe Vincent,68,37,31,43.1,0.4,0.1,0.2,0.571,0.1,0.1,1.0,0.3,0.7,0.2,0.4,0.0,0.067,0.0,0.067,0.0,0.0
1628221,Gabe York,3,1,2,20.7,0.3,0.3,0.3,1.0,0.0,0.0,0.0,0.7,2.0,0.0,0.0,0.0,0.0,0.0,0.0,0.0,0.0
202066,Garrett Temple,25,16,9,8.3,0.2,0.0,0.1,0.333,0.0,0.0,0.0,0.1,0.333,0.1,0.5,0.0,0.167,0.0,0.0,0.0,0.0
1629726,Garrison Mathews,54,16,38,13.9,0.1,0.1,0.1,0.75,0.0,0.0,0.0,0.1,1.167,0.0,0.333,0.0,0.0,0.0,0.0,0.0,0.0
203914,Gary Harris,48,22,26,21.5,0.6,0.2,0.2,0.727,0.1,0.1,1.0,0.4,0.778,0.2,0.37,0.0,0.0,0.0,0.074,0.0,0.074
1627780,Gary Payton II,22,13,9,23.1,2.3,0.8,1.2,0.654,0.1,0.1,1.0,1.6,0.72,0.9,0.4,0.1,0.04,0.1,0.04,0.0,0.02
1629018,Gary Trent Jr.,66,31,35,38.6,0.6,0.3,0.4,0.63,0.1,0.1,0.667,0.6,1.026,0.1,0.205,0.0,0.026,0.0,0.026,0.0,0.077
201588,George Hill,46,27,19,31.7,0.5,0.1,0.2,0.556,0.0,0.0,0.5,0.2,0.458,0.3,0.542,0.0,0.083,0.0,0.0,0.0,0.042
201609,Goran Dragic,57,26,31,33.2,0.2,0.1,0.1,0.667,0.0,0.0,1.0,0.2,0.833,0.1,0.25,0.0,0.083,0.0,0.0,0.0,0.083
1628960,Grayson Allen,72,53,19,35.0,1.0,0.3,0.3,0.72,0.0,0.0,1.0,0.5,0.551,0.6,0.594,0.1,0.087,0.0,0.014,0.0,0.014
1628977,Hamidou Diallo,55,12,43,27.8,2.0,1.0,1.4,0.711,0.3,0.4,0.667,2.4,1.204,0.2,0.093,0.1,0.028,0.2,0.093,0.2,0.111
1630193,Immanuel Quickley,81,47,34,52.0,0.4,0.1,0.1,0.636,0.0,0.0,1.0,0.2,0.5,0.2,0.559,0.0,0.118,0.0,0.059,0.0,0.029
1630171,Isaac Okoro,76,48,28,19.8,1.1,0.4,0.6,0.762,0.1,0.2,0.625,1.0,0.884,0.4,0.384,0.2,0.14,0.0,0.035,0.1,0.093
1630198,Isaiah Joe,73,36,37,25.2,0.4,0.1,0.2,0.571,0.1,0.1,0.8,0.3,0.806,0.1,0.29,0.0,0.032,0.0,0.032,0.1,0.161
202397,Ish Smith,43,25,18,21.7,0.2,0.0,0.1,0.5,0.0,0.0,0.0,0.1,0.4,0.1,0.4,0.0,0.1,0.0,0.2,0.0,0.0
1631120,JD Davison,12,11,1,9.6,0.1,0.1,0.1,1.0,0.0,0.0,0.0,0.2,2.0,0.0,0.0,0.0,0.0,0.0,0.0,0.0,0.0
1629630,Ja Morant,61,40,21,77.0,1.4,0.7,1.0,0.678,0.1,0.1,0.667,1.4,0.977,0.3,0.207,0.0,0.034,0.1,0.057,0.0,0.034
1631367,Jacob Gilyard,1,0,1,77.0,0.0,0.0,0.0,0.0,0.0,0.0,0.0,0.0,0.0,0.0,0.0,0.0,0.0,0.0,0.0,0.0,0.0
1630702,Jaden Hardy,48,20,28,25.3,0.2,0.1,0.1,0.833,0.0,0.0,0.0,0.2,1.0,0.1,0.4,0.0,0.1,0.0,0.0,0.0,0.0
1631093,Jaden Ivey,73,16,57,58.3,1.4,0.4,0.8,0.526,0.1,0.2,0.714,1.0,0.695,0.5,0.314,0.1,0.095,0.1,0.048,0.1,0.067
1630531,Jaden Springer,16,13,3,5.3,0.6,0.4,0.4,0.857,0.1,0.1,0.5,0.8,1.3,0.1,0.2,0.0,0.0,0.0,0.0,0.1,0.1
1628973,Jalen Brunson,68,40,28,84.3,0.3,0.1,0.1,0.6,0.0,0.0,0.0,0.2,0.522,0.2,0.565,0.1,0.174,0.0,0.0,0.0,0.0
1630224,Jalen Green,76,20,56,65.9,0.9,0.4,0.6,0.667,0.1,0.2,0.667,0.9,0.929,0.1,0.157,0.0,0.014,0.1,0.086,0.1,0.086
1630591,Jalen Suggs,53,20,33,43.1,1.3,0.2,0.5,0.444,0.3,0.4,0.842,0.8,0.592,0.5,0.352,0.2,0.141,0.1,0.085,0.2,0.127
1631114,Jalen Williams,75,36,39,46.5,2.2,1.0,1.4,0.709,0.4,0.4,0.933,2.3,1.042,0.5,0.244,0.1,0.042,0.1,0.054,0.2,0.089
1627750,Jamal Murray,65,43,22,71.4,1.2,0.5,0.6,0.714,0.1,0.1,0.833,1.0,0.848,0.4,0.329,0.0,0.025,0.1,0.063,0.0,0.038
1631123,Jamaree Bouyea,5,2,3,23.6,0.0,0.0,0.0,0.0,0.0,0.0,0.0,0.0,0.0,0.0,0.0,0.0,0.0,0.0,0.0,0.0,0.0
1630547,James Bouknight,34,9,25,22.4,0.3,0.0,0.2,0.143,0.0,0.0,0.0,0.1,0.2,0.1,0.3,0.1,0.2,0.0,0.0,0.0,0.0
201935,James Harden,58,39,19,93.5,0.7,0.1,0.4,0.333,0.1,0.1,1.0,0.3,0.462,0.3,0.385,0.1,0.077,0.0,0.0,0.0,0.051
1630215,Jared Butler,6,3,3,25.0,0.3,0.0,0.0,0.0,0.0,0.0,0.0,0.0,0.0,0.3,1.0,0.0,0.0,0.0,0.0,0.0,0.0
1631197,Jared Rhoden,14,2,12,17.1,1.0,0.3,0.4,0.667,0.0,0.0,0.0,0.6,0.571,0.5,0.5,0.1,0.071,0.1,0.071,0.0,0.0
1629633,Jarrett Culver,10,5,5,20.5,1.2,0.4,0.7,0.571,0.4,0.6,0.667,1.2,1.0,0.1,0.083,0.0,0.0,0.0,0.0,0.3,0.25
1630554,Jason Preston,14,4,10,22.1,0.1,0.1,0.1,1.0,0.0,0.0,0.0,0.1,1.0,0.1,0.5,0.1,0.5,0.0,0.0,0.0,0.0
1629750,Javonte Green,32,13,19,21.8,1.7,0.9,1.2,0.789,0.2,0.3,0.625,2.1,1.222,0.2,0.13,0.0,0.019,0.1,0.037,0.1,0.074
1630206,Jay Scrubb,2,1,1,24.5,0.5,0.0,0.0,0.0,0.5,1.0,0.5,0.5,1.0,0.0,0.0,0.0,0.0,0.0,0.0,0.5,1.0
1627759,Jaylen Brown,67,46,21,64.0,2.4,0.9,1.6,0.574,0.2,0.3,0.706,2.1,0.886,0.5,0.196,0.1,0.032,0.1,0.038,0.1,0.051
1629669,Jaylen Nowell,65,34,31,33.2,0.7,0.4,0.6,0.632,0.0,0.0,1.0,0.8,1.085,0.1,0.106,0.0,0.043,0.0,0.021,0.0,0.021
1628369,Jayson Tatum,74,52,22,74.9,3.0,1.2,1.8,0.679,0.4,0.4,0.938,2.9,0.982,0.7,0.232,0.2,0.073,0.1,0.045,0.2,0.068
1631466,Jeenathan Williams,4,1,3,18.8,2.3,1.0,1.8,0.571,0.0,0.0,0.0,2.0,0.889,0.5,0.222,0.0,0.0,0.0,0.0,0.0,0.0
1630288,Jeff Dowtin Jr.,25,17,8,17.6,0.4,0.1,0.2,0.5,0.1,0.1,1.0,0.2,0.667,0.1,0.333,0.0,0.0,0.0,0.111,0.0,0.111
1628975,Jevon Carter,81,57,24,38.5,0.5,0.1,0.1,0.556,0.0,0.0,0.0,0.1,0.227,0.4,0.773,0.0,0.091,0.0,0.023,0.0,0.0
203925,Joe Harris,74,40,34,21.8,0.5,0.3,0.3,0.864,0.0,0.0,0.0,0.5,0.974,0.2,0.359,0.0,0.077,0.0,0.026,0.0,0.0
204060,Joe Ingles,46,32,14,33.2,0.2,0.0,0.1,0.667,0.0,0.0,0.0,0.1,0.444,0.1,0.667,0.0,0.111,0.0,0.0,0.0,0.0
1630580,Joe Wieskamp,9,6,3,5.1,0.0,0.0,0.0,0.0,0.0,0.0,0.0,0.0,0.0,0.0,0.0,0.0,0.0,0.0,0.0,0.0,0.0
1629723,John Konchar,72,45,27,30.1,1.1,0.5,0.6,0.75,0.1,0.1,0.667,1.0,0.901,0.4,0.37,0.1,0.049,0.0,0.025,0.0,0.037
202322,John Wall,34,15,19,55.4,0.2,0.1,0.1,0.75,0.0,0.0,0.0,0.2,0.75,0.1,0.25,0.0,0.125,0.0,0.125,0.0,0.0
1631098,Johnny Davis,28,10,18,20.0,0.4,0.3,0.3,0.778,0.0,0.0,0.0,0.5,1.167,0.1,0.167,0.0,0.0,0.0,0.083,0.0,0.0
1630548,Johnny Juzang,18,6,12,16.3,0.4,0.1,0.2,0.5,0.0,0.0,0.0,0.2,0.5,0.2,0.375,0.0,0.0,0.0,0.0,0.0,0.0
203903,Jordan Clarkson,61,30,31,56.1,1.4,0.5,0.9,0.611,0.1,0.2,0.9,1.2,0.871,0.3,0.212,0.0,0.035,0.1,0.059,0.1,0.071
1630692,Jordan Goodwin,62,22,40,37.9,1.1,0.3,0.6,0.538,0.1,0.2,0.9,0.8,0.75,0.3,0.279,0.1,0.074,0.1,0.059,0.1,0.074
1631160,Jordan Hall,9,1,8,17.8,0.3,0.0,0.0,0.0,0.0,0.0,0.0,0.0,0.0,0.2,0.667,0.0,0.0,0.0,0.0,0.0,0.0
1629162,Jordan McLaughlin,42,21,21,35.5,0.4,0.1,0.1,1.0,0.0,0.0,0.0,0.3,0.667,0.2,0.556,0.0,0.111,0.0,0.111,0.0,0.0
1629673,Jordan Poole,81,43,38,65.7,0.9,0.3,0.5,0.59,0.2,0.2,0.929,0.7,0.822,0.2,0.233,0.0,0.041,0.1,0.096,0.1,0.096
1630648,Jordan Schakel,2,0,2,5.0,0.0,0.0,0.0,0.0,0.0,0.0,0.0,0.0,0.0,0.0,0.0,0.0,0.0,0.0,0.0,0.0,0.0
1630631,Jose Alvarado,61,30,31,46.0,0.6,0.1,0.2,0.7,0.1,0.1,1.0,0.3,0.444,0.3,0.583,0.0,0.028,0.0,0.028,0.0,0.028
1630528,Josh Christopher,64,16,48,18.7,0.4,0.2,0.2,0.714,0.0,0.0,0.0,0.3,0.769,0.1,0.231,0.0,0.0,0.0,0.077,0.0,0.0
1630581,Josh Giddey,76,34,42,76.7,2.9,1.2,2.0,0.591,0.2,0.3,0.632,2.5,0.835,0.6,0.214,0.1,0.04,0.1,0.049,0.1,0.036
1630182,Josh Green,60,27,33,34.2,1.4,0.2,0.3,0.632,0.1,0.1,0.375,0.5,0.329,0.8,0.585,0.2,0.11,0.2,0.11,0.1,0.049
1628404,Josh Hart,76,42,34,43.7,1.9,0.5,0.7,0.698,0.2,0.3,0.636,1.2,0.624,0.9,0.461,0.1,0.057,0.1,0.043,0.1,0.078
1629006,Josh Okogie,72,38,34,23.7,1.6,0.3,0.7,0.48,0.3,0.4,0.731,0.9,0.588,0.7,0.412,0.1,0.088,0.0,0.026,0.2,0.114
1626196,Josh Richardson,64,24,40,41.7,0.8,0.3,0.4,0.68,0.0,0.0,0.0,0.5,0.7,0.3,0.42,0.0,0.04,0.0,0.04,0.0,0.0
1630563,Joshua Primo,4,3,1,43.0,1.0,0.0,0.0,0.0,0.5,0.5,1.0,0.5,0.5,0.8,0.75,0.0,0.0,0.0,0.0,0.3,0.25
201950,Jrue Holiday,67,50,17,73.1,2.4,0.7,1.2,0.633,0.1,0.1,1.0,1.6,0.675,1.0,0.425,0.2,0.094,0.1,0.044,0.0,0.019
1630551,Justin Champagnie,5,4,1,10.0,1.4,0.6,1.2,0.5,0.0,0.0,0.0,1.2,0.857,0.2,0.143,0.2,0.143,0.0,0.0,0.0,0.0
203200,Justin Holiday,46,18,28,17.3,0.6,0.1,0.3,0.462,0.0,0.0,1.0,0.3,0.5,0.2,0.393,0.0,0.0,0.1,0.107,0.0,0.036
1626159,Justise Winslow,29,15,14,52.4,3.2,1.1,2.1,0.55,0.1,0.1,0.75,2.4,0.742,0.8,0.258,0.2,0.065,0.2,0.054,0.1,0.022
1629644,KZ Okpala,35,19,16,7.0,0.5,0.2,0.2,0.75,0.0,0.0,0.0,0.3,0.75,0.2,0.375,0.0,0.0,0.0,0.063,0.0,0.0
1629640,Keldon Johnson,61,16,45,57.7,1.5,0.6,0.9,0.632,0.2,0.3,0.875,1.5,0.989,0.3,0.222,0.0,0.022,0.1,0.044,0.1,0.089
1626162,Kelly Oubre Jr.,48,16,32,44.7,2.1,0.8,1.4,0.529,0.3,0.4,0.75,1.9,0.891,0.3,0.158,0.0,0.01,0.1,0.05,0.2,0.099
202689,Kemba Walker,9,5,4,28.7,0.0,0.0,0.0,0.0,0.0,0.0,0.0,0.0,0.0,0.0,0.0,0.0,0.0,0.0,0.0,0.0,0.0
1631112,Kendall Brown,6,1,5,6.7,0.3,0.2,0.2,1.0,0.0,0.0,0.0,0.3,1.0,0.2,0.5,0.0,0.0,0.0,0.0,0.0,0.0
1629134,Kendrick Nunn,70,30,40,20.4,0.4,0.2,0.3,0.714,0.0,0.0,0.0,0.4,1.034,0.1,0.172,0.1,0.138,0.0,0.069,0.0,0.0
1631113,Kennedy Chandler,36,22,14,16.3,0.5,0.2,0.3,0.545,0.0,0.1,0.5,0.4,0.722,0.1,0.278,0.0,0.056,0.0,0.056,0.0,0.056
1629026,Kenrich Williams,53,26,27,31.2,3.5,1.4,2.0,0.679,0.1,0.3,0.357,2.8,0.811,1.2,0.357,0.2,0.059,0.1,0.016,0.1,0.038
203484,Kentavious Caldwell-Pope,76,51,25,38.2,1.1,0.3,0.6,0.531,0.1,0.1,0.7,0.8,0.744,0.3,0.232,0.1,0.061,0.1,0.085,0.1,0.061
1631165,Keon Ellis,16,7,9,6.7,0.1,0.0,0.0,0.0,0.1,0.1,0.5,0.1,1.0,0.0,0.0,0.0,0.0,0.0,0.0,0.1,1.0
1630553,Keon Johnson,40,13,27,21.3,0.4,0.1,0.2,0.286,0.0,0.1,0.5,0.1,0.313,0.1,0.313,0.0,0.063,0.0,0.063,0.0,0.063
1628989,Kevin Huerter,75,44,31,44.0,1.7,0.8,1.1,0.768,0.2,0.2,0.75,1.8,1.095,0.4,0.238,0.1,0.032,0.1,0.04,0.1,0.056
1629645,Kevin Porter Jr.,59,18,41,79.0,1.6,0.5,0.6,0.816,0.0,0.0,1.0,1.1,0.691,0.6,0.383,0.1,0.043,0.2,0.117,0.0,0.011
1630284,Kevon Harris,34,12,22,13.4,1.1,0.4,0.6,0.667,0.2,0.2,0.875,1.1,1.027,0.3,0.27,0.0,0.027,0.0,0.027,0.1,0.108
1630165,Killian Hayes,75,16,59,62.1,0.5,0.1,0.3,0.348,0.0,0.1,0.75,0.3,0.475,0.2,0.375,0.1,0.15,0.0,0.0,0.0,0.05
1630184,Kira Lewis Jr.,25,11,14,20.4,0.2,0.1,0.1,1.0,0.0,0.1,0.5,0.2,1.25,0.0,0.25,0.0,0.0,0.0,0.0,0.0,0.0
202691,Klay Thompson,68,37,31,47.9,1.5,0.5,0.9,0.583,0.3,0.4,0.875,1.4,0.893,0.3,0.204,0.0,0.029,0.1,0.068,0.2,0.107
1628424,Kobi Simmons,5,1,4,8.4,0.2,0.0,0.0,0.0,0.0,0.0,0.0,0.0,0.0,0.2,1.0,0.2,1.0,0.0,0.0,0.0,0.0
1627739,Kris Dunn,22,8,14,65.4,0.5,0.2,0.3,0.833,0.1,0.1,1.0,0.5,1.091,0.2,0.364,0.1,0.182,0.0,0.0,0.0,0.091
203937,Kyle Anderson,68,35,33,52.5,2.2,0.6,1.1,0.587,0.1,0.3,0.556,1.5,0.651,0.9,0.408,0.3,0.132,0.1,0.033,0.1,0.053
200768,Kyle Lowry,55,30,25,69.6,0.9,0.2,0.3,0.5,0.0,0.0,1.0,0.4,0.404,0.5,0.481,0.1,0.154,0.1,0.058,0.0,0.019
202681,Kyrie Irving,60,32,28,75.7,1.6,0.7,1.0,0.719,0.1,0.1,1.0,1.5,0.938,0.5,0.309,0.2,0.113,0.1,0.031,0.1,0.031
1630163,LaMelo Ball,36,13,23,90.2,1.4,0.5,0.9,0.563,0.0,0.0,0.0,1.0,0.725,0.5,0.373,0.1,0.078,0.0,0.0,0.0,0.0
1629013,Landry Shamet,40,19,21,35.4,0.4,0.1,0.2,0.833,0.1,0.1,1.0,0.3,0.8,0.1,0.333,0.0,0.067,0.1,0.133,0.0,0.067
1631311,Lester Quinones,4,4,0,11.8,0.5,0.0,0.0,0.0,0.0,0.0,0.0,0.0,0.0,0.5,1.0,0.0,0.0,0.0,0.0,0.0,0.0
1629623,Lindell Wigginton,7,4,3,23.9,0.1,0.0,0.0,0.0,0.0,0.0,0.0,0.0,0.0,0.1,1.0,0.1,1.0,0.0,0.0,0.0,0.0
1629022,Lonnie Walker IV,56,27,29,25.2,0.6,0.3,0.4,0.625,0.0,0.0,1.0,0.5,0.909,0.0,0.061,0.0,0.03,0.1,0.152,0.0,0.03
1629652,Luguentz Dort,74,36,38,37.1,2.4,0.6,1.2,0.451,0.3,0.5,0.735,1.5,0.609,0.7,0.302,0.2,0.067,0.2,0.067,0.2,0.078
1629029,Luka Doncic,66,33,33,89.6,1.0,0.4,0.6,0.763,0.2,0.3,0.75,1.1,1.088,0.2,0.206,0.0,0.044,0.0,0.029,0.2,0.147
1628379,Luke Kennard,59,37,22,27.3,0.3,0.1,0.2,0.667,0.0,0.0,0.0,0.2,0.75,0.1,0.25,0.0,0.0,0.0,0.125,0.0,0.0
1630644,Mac McClung,2,2,0,37.5,1.5,1.0,1.5,0.667,0.0,0.0,0.0,2.0,1.333,0.0,0.0,0.0,0.0,0.0,0.0,0.0,0.0
1630201,Malachi Flynn,53,29,24,26.4,0.2,0.1,0.1,0.75,0.0,0.0,0.0,0.1,0.6,0.1,0.6,0.0,0.1,0.0,0.0,0.0,0.0
1627763,Malcolm Brogdon,67,46,21,53.1,0.8,0.2,0.3,0.652,0.2,0.2,1.0,0.7,0.818,0.3,0.418,0.1,0.073,0.0,0.036,0.1,0.109
1627736,Malik Beasley,81,45,36,34.3,0.4,0.2,0.3,0.542,0.0,0.0,1.0,0.3,0.903,0.1,0.161,0.0,0.0,0.0,0.0,0.0,0.032
1628370,Malik Monk,77,47,30,40.4,0.9,0.3,0.5,0.65,0.0,0.1,0.5,0.7,0.821,0.2,0.224,0.1,0.06,0.1,0.06,0.0,0.03
203935,Marcus Smart,61,43,18,59.6,1.1,0.2,0.5,0.484,0.0,0.1,0.5,0.6,0.486,0.5,0.414,0.1,0.129,0.1,0.071,0.0,0.029
1628365,Markelle Fultz,60,29,31,66.6,1.9,0.8,1.2,0.671,0.1,0.1,1.0,1.7,0.853,0.6,0.328,0.1,0.069,0.1,0.026,0.0,0.017
1629680,Matisse Thybulle,71,38,33,15.8,1.1,0.4,0.7,0.553,0.0,0.0,0.5,0.8,0.696,0.4,0.342,0.1,0.051,0.1,0.051,0.0,0.013
203521,Matthew Dellavedova,32,19,13,15.2,0.1,0.0,0.1,0.5,0.0,0.0,0.0,0.1,0.5,0.1,0.5,0.0,0.0,0.0,0.0,0.0,0.0
1631108,Max Christie,41,19,22,12.1,0.4,0.0,0.1,0.333,0.0,0.0,0.0,0.1,0.267,0.2,0.533,0.0,0.133,0.0,0.067,0.0,0.0
1629622,Max Strus,80,42,38,44.1,1.2,0.5,0.7,0.755,0.1,0.1,1.0,1.2,0.989,0.4,0.312,0.0,0.022,0.1,0.043,0.1,0.043
1630593,McKinley Wright IV,27,14,13,24.8,0.3,0.0,0.0,0.0,0.0,0.0,0.0,0.0,0.0,0.2,0.714,0.0,0.0,0.0,0.0,0.0,0.0
203487,Michael Carter-Williams,4,1,3,25.0,0.3,0.0,0.3,0.0,0.0,0.0,0.0,0.0,0.0,0.0,0.0,0.0,0.0,0.0,0.0,0.0,0.0
1628969,Mikal Bridges,27,12,15,52.7,0.9,0.3,0.7,0.474,0.0,0.0,0.0,0.7,0.826,0.1,0.174,0.0,0.0,0.0,0.0,0.0,0.0
201144,Mike Conley,66,33,33,70.2,0.4,0.1,0.2,0.6,0.0,0.0,0.0,0.2,0.414,0.2,0.552,0.0,0.103,0.0,0.103,0.0,0.0
1630540,Miles McBride,64,36,28,18.8,0.3,0.1,0.1,0.625,0.0,0.0,0.0,0.2,0.476,0.2,0.524,0.0,0.048,0.0,0.048,0.0,0.0
1628420,Monte Morris,62,28,34,57.9,0.3,0.0,0.1,0.6,0.0,0.1,0.75,0.2,0.526,0.2,0.579,0.0,0.105,0.0,0.0,0.0,0.105
1630541,Moses Moody,62,36,26,14.2,0.8,0.3,0.4,0.731,0.1,0.1,0.667,0.7,0.918,0.2,0.286,0.0,0.02,0.1,0.082,0.0,0.061
1629642,Nassir Little,54,22,32,22.4,0.7,0.2,0.4,0.526,0.1,0.1,0.75,0.4,0.632,0.2,0.289,0.0,0.053,0.1,0.079,0.0,0.053
1629638,Nickeil Alexander-Walker,58,28,30,28.2,0.3,0.1,0.2,0.8,0.0,0.0,0.5,0.3,1.133,0.1,0.2,0.0,0.0,0.0,0.067,0.0,0.067
201587,Nicolas Batum,78,44,34,28.8,0.8,0.3,0.4,0.618,0.1,0.1,1.0,0.7,0.813,0.3,0.313,0.0,0.047,0.1,0.063,0.1,0.063
1626181,Norman Powell,60,31,29,35.9,0.6,0.2,0.4,0.583,0.1,0.1,1.0,0.6,0.895,0.1,0.211,0.0,0.053,0.1,0.079,0.0,0.053
1630534,Ochai Agbaji,59,29,30,22.9,0.9,0.3,0.5,0.6,0.0,0.0,0.5,0.6,0.661,0.3,0.357,0.0,0.036,0.1,0.071,0.0,0.018
1629052,Oshae Brissett,65,27,38,26.4,1.5,0.4,0.7,0.604,0.2,0.3,0.8,1.2,0.765,0.6,0.367,0.1,0.061,0.0,0.01,0.2,0.102
1628408,PJ Dozier,16,11,5,10.9,0.1,0.1,0.1,1.0,0.0,0.0,0.0,0.1,2.0,0.0,0.0,0.0,0.0,0.0,0.0,0.0,0.0
1626192,Pat Connaughton,61,43,18,33.0,1.4,0.4,0.7,0.545,0.0,0.1,0.5,0.9,0.627,0.5,0.386,0.0,0.036,0.0,0.036,0.0,0.024
201976,Patrick Beverley,67,34,33,39.7,0.8,0.1,0.2,0.643,0.0,0.0,1.0,0.3,0.385,0.4,0.538,0.1,0.115,0.1,0.077,0.0,0.019
201988,Patty Mills,40,18,22,19.9,0.1,0.1,0.1,0.667,0.0,0.0,0.0,0.1,1.0,0.0,0.25,0.0,0.0,0.0,0.0,0.0,0.0
1630202,Payton Pritchard,48,32,16,24.2,0.7,0.2,0.2,0.909,0.0,0.0,1.0,0.5,0.676,0.4,0.559,0.1,0.088,0.0,0.059,0.0,0.0
1631212,Peyton Watson,23,13,10,10.3,0.4,0.2,0.3,0.625,0.0,0.1,0.0,0.4,1.111,0.0,0.0,0.0,0.0,0.0,0.0,0.0,0.0
1629656,Quentin Grimes,71,41,30,31.4,0.8,0.3,0.4,0.769,0.1,0.1,1.0,0.6,0.804,0.3,0.411,0.1,0.107,0.0,0.036,0.0,0.036
1631245,Quenton Jackson,9,3,6,26.4,1.0,0.3,0.8,0.429,0.0,0.0,0.0,0.7,0.667,0.2,0.222,0.1,0.111,0.0,0.0,0.0,0.0
1630181,R.J. Hampton,47,9,38,23.7,0.4,0.1,0.2,0.625,0.1,0.1,0.833,0.3,0.833,0.1,0.278,0.0,0.0,0.0,0.0,0.1,0.167
1629628,RJ Barrett,73,40,33,50.7,1.5,0.7,1.1,0.628,0.2,0.2,0.722,1.5,1.037,0.2,0.156,0.0,0.028,0.1,0.037,0.1,0.083
203526,Raul Neto,48,31,17,20.8,0.2,0.1,0.1,0.833,0.0,0.0,0.0,0.2,1.0,0.1,0.4,0.0,0.1,0.0,0.0,0.0,0.0
203493,Reggie Bullock,78,37,41,34.1,0.4,0.2,0.2,0.947,0.0,0.0,0.5,0.5,1.156,0.1,0.313,0.0,0.031,0.0,0.031,0.0,0.031
202704,Reggie Jackson,68,36,32,48.9,0.6,0.1,0.3,0.45,0.0,0.0,0.0,0.3,0.474,0.2,0.342,0.0,0.079,0.0,0.079,0.0,0.0
201937,Ricky Rubio,33,23,10,39.4,0.2,0.0,0.0,0.0,0.0,0.0,0.0,0.0,0.0,0.2,0.857,0.1,0.286,0.0,0.143,0.0,0.0
203585,Rodney McGruder,32,4,28,18.7,0.9,0.4,0.4,0.857,0.1,0.1,1.0,0.8,0.964,0.3,0.393,0.1,0.071,0.1,0.071,0.0,0.036
1629641,Romeo Langford,40,13,27,21.9,1.7,0.7,1.0,0.718,0.1,0.1,1.0,1.5,0.882,0.6,0.324,0.1,0.059,0.1,0.044,0.1,0.029
200752,Rudy Gay,56,29,27,23.6,0.9,0.2,0.5,0.448,0.2,0.2,0.917,0.7,0.731,0.2,0.192,0.1,0.077,0.1,0.077,0.1,0.096
201566,Russell Westbrook,73,36,37,64.1,1.8,0.6,0.9,0.647,0.2,0.3,0.8,1.5,0.823,0.5,0.262,0.1,0.062,0.1,0.069,0.1,0.069
1627853,Ryan Arcidiacono,20,9,11,19.6,0.1,0.1,0.1,1.0,0.0,0.0,0.0,0.1,1.0,0.1,0.5,0.0,0.0,0.0,0.0,0.0,0.0
1631157,Ryan Rollins,12,5,7,11.6,0.4,0.1,0.2,0.5,0.0,0.0,0.0,0.2,0.4,0.1,0.2,0.0,0.0,0.2,0.4,0.0,0.0
1630240,Saben Lee,25,15,10,34.3,0.9,0.1,0.4,0.3,0.1,0.1,1.0,0.3,0.364,0.4,0.455,0.1,0.091,0.0,0.045,0.0,0.045
1630241,Sam Merrill,5,4,1,17.4,0.4,0.4,0.4,1.0,0.0,0.0,0.0,0.8,2.0,0.0,0.0,0.0,0.0,0.0,0.0,0.0,0.0
1630590,Scotty Pippen Jr.,6,1,5,12.0,0.3,0.0,0.2,0.0,0.0,0.0,0.0,0.0,0.0,0.2,0.5,0.0,0.0,0.0,0.0,0.0,0.0
203552,Seth Curry,61,37,24,32.2,0.1,0.0,0.0,0.667,0.0,0.0,0.0,0.1,0.5,0.1,0.625,0.0,0.125,0.0,0.0,0.0,0.0
1631101,Shaedon Sharpe,80,32,48,26.1,1.3,0.7,0.9,0.75,0.1,0.2,0.563,1.5,1.104,0.2,0.17,0.0,0.019,0.1,0.066,0.1,0.075
1628983,Shai Gilgeous-Alexander,68,33,35,73.1,1.5,0.7,0.9,0.719,0.1,0.1,0.833,1.5,0.971,0.3,0.216,0.1,0.039,0.1,0.088,0.0,0.029
1629003,Shake Milton,76,52,24,39.1,0.7,0.3,0.4,0.75,0.1,0.2,0.917,0.8,1.071,0.2,0.214,0.1,0.089,0.1,0.071,0.1,0.089
1627885,Shaquille Harrison,4,1,3,57.3,1.3,0.3,0.5,0.5,0.5,0.5,1.0,1.0,0.8,0.5,0.4,0.0,0.0,0.0,0.0,0.3,0.2
1630219,Skylar Mays,5,1,4,80.2,0.2,0.0,0.0,0.0,0.0,0.0,0.0,0.0,0.0,0.2,1.0,0.0,0.0,0.0,0.0,0.0,0.0
203915,Spencer Dinwiddie,79,41,38,69.0,0.3,0.1,0.1,0.444,0.0,0.0,0.0,0.1,0.36,0.2,0.6,0.0,0.08,0.0,0.0,0.0,0.0
1626169,Stanley Johnson,29,5,24,26.0,1.0,0.2,0.4,0.417,0.1,0.1,1.0,0.4,0.414,0.5,0.483,0.1,0.103,0.0,0.034,0.0,0.034
1630649,Stanley Umude,1,0,1,3.0,0.0,0.0,0.0,0.0,0.0,0.0,0.0,0.0,0.0,0.0,0.0,0.0,0.0,0.0,0.0,0.0,0.0
201939,Stephen Curry,55,29,26,79.3,1.5,0.6,0.9,0.745,0.1,0.1,1.0,1.5,1.025,0.3,0.213,0.1,0.05,0.1,0.088,0.1,0.038
1628425,Sterling Brown,4,2,2,6.0,0.8,0.0,0.5,0.0,0.0,0.0,0.0,0.0,0.0,0.3,0.333,0.0,0.0,0.0,0.0,0.0,0.0
1629004,Svi Mykhailiuk,32,16,16,19.7,0.5,0.2,0.3,0.556,0.0,0.1,0.5,0.3,0.647,0.2,0.353,0.1,0.118,0.0,0.059,0.0,0.059
204456,T.J. McConnell,75,31,44,54.9,0.4,0.1,0.1,0.667,0.0,0.0,1.0,0.2,0.424,0.3,0.576,0.0,0.091,0.1,0.121,0.0,0.03
1629659,Talen Horton-Tucker,65,30,35,45.4,0.7,0.2,0.4,0.37,0.0,0.1,0.75,0.4,0.533,0.2,0.289,0.0,0.044,0.0,0.0,0.0,0.044
1629611,Terance Mann,81,44,37,37.0,1.7,0.7,1.0,0.688,0.1,0.1,0.75,1.5,0.904,0.5,0.311,0.1,0.052,0.1,0.067,0.1,0.037
1629056,Terence Davis,64,38,26,20.6,0.5,0.2,0.3,0.737,0.0,0.0,1.0,0.5,0.938,0.1,0.25,0.0,0.031,0.0,0.0,0.0,0.031
203082,Terrence Ross,63,27,36,21.8,0.1,0.0,0.0,1.0,0.0,0.0,0.0,0.1,0.571,0.1,0.571,0.0,0.0,0.0,0.143,0.0,0.0
1626179,Terry Rozier,63,19,44,75.2,1.0,0.2,0.6,0.4,0.0,0.0,0.0,0.5,0.492,0.3,0.311,0.0,0.049,0.0,0.049,0.0,0.0
1630177,Theo Maledon,44,14,30,47.3,0.3,0.1,0.1,1.0,0.0,0.0,0.0,0.2,0.667,0.2,0.467,0.0,0.067,0.0,0.133,0.0,0.0
1629033,Theo Pinson,40,19,21,16.2,0.4,0.1,0.2,0.429,0.0,0.1,0.5,0.2,0.5,0.1,0.357,0.1,0.214,0.0,0.071,0.0,0.071
203501,Tim Hardaway Jr.,71,37,34,44.8,0.5,0.2,0.3,0.682,0.1,0.1,0.833,0.5,1.027,0.1,0.27,0.0,0.054,0.0,0.027,0.0,0.081
1629027,Trae Young,73,38,35,80.3,0.7,0.2,0.3,0.8,0.1,0.1,1.0,0.5,0.771,0.2,0.333,0.0,0.063,0.1,0.104,0.0,0.042
1630200,Tre Jones,65,19,46,67.1,0.6,0.1,0.2,0.727,0.0,0.0,1.0,0.3,0.476,0.4,0.619,0.1,0.143,0.0,0.071,0.0,0.024
1630544,Tre Mann,67,31,36,30.3,0.4,0.1,0.3,0.45,0.0,0.0,1.0,0.3,0.69,0.1,0.241,0.0,0.034,0.0,0.0,0.0,0.034
1630235,Trent Forrest,23,9,14,20.5,0.3,0.2,0.2,0.8,0.0,0.0,0.0,0.3,1.0,0.1,0.25,0.0,0.0,0.0,0.125,0.0,0.0
1630243,Trevelin Queen,7,2,5,17.3,1.3,0.4,0.9,0.5,0.0,0.0,0.0,0.9,0.667,0.4,0.333,0.1,0.111,0.0,0.0,0.0,0.0
1631309,Trevor Hudgins,5,0,5,12.2,0.0,0.0,0.0,0.0,0.0,0.0,0.0,0.0,0.0,0.0,0.0,0.0,0.0,0.0,0.0,0.0,0.0
1631211,Trevor Keels,3,3,0,2.7,0.0,0.0,0.0,0.0,0.0,0.0,0.0,0.0,0.0,0.0,0.0,0.0,0.0,0.0,0.0,0.0,0.0
1628972,Troy Brown Jr.,76,40,36,26.7,1.3,0.4,0.6,0.587,0.2,0.2,0.944,0.9,0.706,0.6,0.412,0.1,0.078,0.1,0.039,0.1,0.078
1629660,Ty Jerome,45,22,23,39.2,0.3,0.2,0.2,1.0,0.0,0.0,0.0,0.3,0.933,0.1,0.333,0.0,0.067,0.0,0.067,0.0,0.0
1631102,TyTy Washington Jr.,31,6,25,28.5,0.1,0.0,0.1,0.5,0.0,0.0,0.0,0.1,0.5,0.1,0.5,0.0,0.25,0.0,0.0,0.0,0.0
1628416,Tyler Dorsey,3,2,1,2.3,0.0,0.0,0.0,0.0,0.0,0.0,0.0,0.0,0.0,0.0,0.0,0.0,0.0,0.0,0.0,0.0,0.0
1629639,Tyler Herro,67,37,30,65.5,0.7,0.3,0.4,0.586,0.1,0.1,1.0,0.6,0.826,0.2,0.239,0.0,0.043,0.0,0.043,0.0,0.043
1630169,Tyrese Haliburton,56,28,28,94.2,0.4,0.1,0.2,0.583,0.0,0.0,0.0,0.3,0.636,0.2,0.409,0.0,0.091,0.0,0.045,0.0,0.0
1631213,Tyrese Martin,16,10,6,5.4,0.4,0.1,0.2,0.333,0.0,0.0,0.0,0.1,0.333,0.1,0.333,0.0,0.0,0.1,0.167,0.0,0.0
1630178,Tyrese Maxey,60,39,21,68.5,0.3,0.1,0.2,0.5,0.0,0.0,0.5,0.2,0.65,0.2,0.45,0.1,0.2,0.0,0.0,0.0,0.05
1626145,Tyus Jones,80,51,29,55.0,0.2,0.0,0.1,0.25,0.0,0.0,0.0,0.0,0.188,0.1,0.375,0.0,0.063,0.1,0.313,0.0,0.0
203506,Victor Oladipo,42,23,19,49.8,0.5,0.1,0.3,0.462,0.0,0.0,1.0,0.3,0.7,0.1,0.3,0.0,0.05,0.0,0.0,0.0,0.05
1631246,Vince Williams Jr.,15,7,8,8.1,0.6,0.3,0.3,0.8,0.0,0.0,0.0,0.5,0.889,0.1,0.111,0.0,0.0,0.2,0.333,0.0,0.0
1630249,Vit Krejci,29,15,14,6.9,0.4,0.1,0.2,0.8,0.0,0.0,0.0,0.3,0.727,0.2,0.455,0.0,0.091,0.0,0.0,0.0,0.0
1631111,Wendell Moore Jr.,28,15,13,9.4,0.3,0.1,0.2,0.6,0.1,0.1,1.0,0.3,1.0,0.0,0.125,0.0,0.0,0.0,0.125,0.0,0.125
202083,Wesley Matthews,52,37,15,14.6,0.8,0.3,0.4,0.714,0.1,0.1,0.75,0.6,0.75,0.4,0.455,0.1,0.068,0.0,0.023,0.0,0.023
203115,Will Barton,56,27,29,29.6,0.4,0.1,0.2,0.778,0.0,0.0,1.0,0.3,0.727,0.2,0.455,0.0,0.091,0.0,0.045,0.0,0.045
1629875,Xavier Moon,4,2,2,11.3,0.0,0.0,0.0,0.0,0.0,0.0,0.0,0.0,0.0,0.0,0.0,0.0,0.0,0.0,0.0,0.0,0.0
1629139,Yuta Watanabe,58,30,28,17.0,0.8,0.3,0.4,0.692,0.0,0.0,1.0,0.7,0.889,0.2,0.311,0.1,0.067,0.0,0.044,0.0,0.022
203897,Zach LaVine,76,37,39,61.9,0.9,0.5,0.7,0.78,0.1,0.1,1.0,1.1,1.235,0.1,0.162,0.1,0.059,0.0,0.029,0.0,0.044
